Gene,Coordinates,F4 N2 normalized reads,F4 morc-1(-) normalized reads,Log2(fold change),Adjusted p-value
F20E11.17,CHROMOSOME_V:17468728-17469226,0.00,9.47,inf,0.0090
K09H11.11,CHROMOSOME_V:5754443-5755542,0.00,6.97,inf,0.0012
F46C3.7,CHROMOSOME_X:11439974-11440587,0.00,4.55,inf,0.0300
ZK177.9,CHROMOSOME_II:5517139-5517726,0.00,4.52,inf,0.0012
Y53F4B.5,CHROMOSOME_II:14980853-14983933,0.00,2.54,inf,0.0012
K03D3.5,CHROMOSOME_IV:16320089-16320474,0.00,2.08,inf,0.0438
Y54F10AM.7,CHROMOSOME_III:2502158-2502713,0.00,1.63,inf,0.0160
T24D5.6,CHROMOSOME_X:12603553-12603992,0.00,1.32,inf,0.0469
T08A9.4,CHROMOSOME_X:7313405-7313915,0.00,1.17,inf,0.0361
F26D10.13,CHROMOSOME_IV:17264259-17264777,0.00,1.11,inf,0.0469
B0391.14,CHROMOSOME_V:15599151-15599712,0.00,1.06,inf,0.0463
F21D5.9,CHROMOSOME_IV:8724004-8724689,0.00,1.06,inf,0.0046
W02D7.10,CHROMOSOME_V:8318414-8322843,0.00,0.92,inf,0.0012
C38D9.2,CHROMOSOME_V:17566412-17571577,0.47,13.90,4.90,0.0012
F40D4.13,CHROMOSOME_V:17156008-17157230,1.13,29.13,4.69,0.0012
C08F11.7,CHROMOSOME_IV:13637263-13638501,0.68,14.19,4.39,0.0090
C04F12.9,CHROMOSOME_I:9710078-9710758,10.20,208.41,4.35,0.0012
Y23H5A.8,CHROMOSOME_I:2633008-2634643,1.01,15.89,3.97,0.0303
D2096.1,CHROMOSOME_IV:8396634-8397851,34.84,460.32,3.72,0.0012
F58H7.5,CHROMOSOME_IV:919989-920808,0.97,11.19,3.53,0.0141
R03H10.6,CHROMOSOME_II:4171296-4173878,0.17,1.98,3.52,0.0012
K01A11.4,CHROMOSOME_III:3438998-3444195,0.92,10.23,3.48,0.0012
F55A3.5,CHROMOSOME_I:10781962-10782879,0.41,4.52,3.48,0.0132
F55D10.3,CHROMOSOME_X:4712249-4715051,1.92,19.69,3.36,0.0012
F29C12.5,CHROMOSOME_II:13122967-13124719,0.81,7.61,3.24,0.0012
ZC204.7,CHROMOSOME_II:1652465-1653503,0.17,1.55,3.22,0.0250
R09F10.3,CHROMOSOME_X:8294572-8296720,3.81,34.50,3.18,0.0012
Y1A5A.1,CHROMOSOME_III:3985543-3986789,0.16,1.25,3.01,0.0485
F28F8.7,CHROMOSOME_V:15579073-15580827,5.09,37.72,2.89,0.0012
C37C3.3,CHROMOSOME_V:7849964-7851010,0.94,6.98,2.89,0.0238
F11A6.2,CHROMOSOME_I:11675931-11682355,1.06,7.50,2.83,0.0347
C27C12.3,CHROMOSOME_X:14863539-14865775,2.05,13.86,2.76,0.0012
C52E2.6,CHROMOSOME_II:1846989-1848158,3.30,21.12,2.68,0.0012
F53H4.1,CHROMOSOME_X:15861223-15865843,2.20,14.10,2.68,0.0012
C03C11.2,CHROMOSOME_I:10016767-10018105,1.00,6.38,2.67,0.0190
C18D4.6,CHROMOSOME_V:17535726-17538347,6.60,41.71,2.66,0.0012
Y57A10A.30,CHROMOSOME_II:12280597-12284070,8.17,51.00,2.64,0.0012
K09A9.4,CHROMOSOME_X:15591299-15595286,7.50,44.13,2.56,0.0012
C46A5.1,CHROMOSOME_IV:7763918-7767103,0.21,1.24,2.53,0.0260
T26C11.6,CHROMOSOME_X:1849624-1852730,2.33,13.30,2.52,0.0012
W06B11.2,CHROMOSOME_X:5841554-5845953,7.53,42.68,2.50,0.0012
Pseudogene B0391.8,CHROMOSOME_V:15595035-15596447,1.14,6.41,2.49,0.0012
T26C11.7,CHROMOSOME_X:1854141-1856166,4.32,24.06,2.48,0.0012
F40B1.1,CHROMOSOME_II:2520969-2522049,3.86,21.47,2.48,0.0012
T05D4.2,CHROMOSOME_III:13561429-13562953,0.46,2.55,2.47,0.0242
R07E4.5,CHROMOSOME_X:5949488-5953139,3.45,18.96,2.46,0.0012
C30G12.1,CHROMOSOME_II:7299529-7301599,0.53,2.90,2.45,0.0012
H11L12.1,CHROMOSOME_X:17710409-17711598,13.33,71.80,2.43,0.0012
R09E10.2,CHROMOSOME_IV:10317534-10318277,0.69,3.69,2.42,0.0338
F31F6.3,CHROMOSOME_X:14871766-14872792,1.47,7.85,2.41,0.0012
C27C12.1,CHROMOSOME_X:14849217-14853685,8.97,46.98,2.39,0.0012
K09E9.3,CHROMOSOME_X:15611755-15613723,5.11,26.33,2.37,0.0012
Y46H3C.7,CHROMOSOME_V:1692560-1693510,2.71,13.61,2.33,0.0031
F14B6.3,CHROMOSOME_I:12230406-12232299,0.55,2.71,2.30,0.0095
D2021.1,CHROMOSOME_X:8557098-8563186,2.14,10.55,2.30,0.0012
ZK662.4,CHROMOSOME_X:15726060-15735318,3.94,19.29,2.29,0.0012
T20F7.1,CHROMOSOME_X:16872852-16880453,8.48,41.41,2.29,0.0012
K01G12.3,CHROMOSOME_IV:14193472-14196137,0.67,3.25,2.29,0.0022
M116.4,CHROMOSOME_IV:8405008-8406598,0.68,3.30,2.27,0.0031
K03A11.1,CHROMOSOME_X:13051726-13055269,0.30,1.45,2.26,0.0038
C31E10.5,CHROMOSOME_X:13991426-13995765,5.77,27.04,2.23,0.0012
K09F5.6,CHROMOSOME_X:7719220-7725518,0.47,2.19,2.22,0.0022
K05F6.4,CHROMOSOME_II:1543488-1545418,0.34,1.56,2.22,0.0257
F31F6.2,CHROMOSOME_X:14868944-14870606,2.50,11.62,2.22,0.0012
T15H9.6,CHROMOSOME_II:9607472-9609336,0.27,1.26,2.21,0.0358
T13H2.4,CHROMOSOME_X:4610898-4620396,8.44,38.86,2.20,0.0012
F31F6.1,CHROMOSOME_X:14867031-14868231,2.78,12.80,2.20,0.0012
F12E12.8,CHROMOSOME_II:3749071-3750722,0.47,2.15,2.20,0.0169
T12B5.4,CHROMOSOME_III:950870-952044,0.99,4.46,2.17,0.0065
H40L08.1,CHROMOSOME_X:15080708-15084016,10.89,48.63,2.16,0.0012
C33E10.2,CHROMOSOME_X:17302677-17303890,0.96,4.26,2.14,0.0090
H23N18.3,CHROMOSOME_V:4903959-4905903,0.23,1.03,2.14,0.0496
ZC504.3,CHROMOSOME_X:10412702-10419691,5.38,23.57,2.13,0.0012
T23G5.6,CHROMOSOME_III:9240287-9242417,6.60,28.23,2.10,0.0012
C31E10.6,CHROMOSOME_X:13996237-13999282,2.71,11.59,2.09,0.0012
F29G9.1,CHROMOSOME_V:6039083-6040565,1.80,7.51,2.06,0.0123
C29F7.5,CHROMOSOME_X:13427040-13428781,0.38,1.57,2.04,0.0290
M05B5.5,CHROMOSOME_I:7190845-7193914,3.09,12.59,2.03,0.0012
F49E7.1,CHROMOSOME_X:1097148-1103317,4.04,16.38,2.02,0.0012
T10C6.7,CHROMOSOME_V:16029166-16031647,3.42,13.83,2.01,0.0012
C27C12.5,CHROMOSOME_X:14849217-14853685,1.10,4.38,2.00,0.0072
W05H9.4,CHROMOSOME_X:6263609-6266879,5.32,21.12,1.99,0.0012
T13H2.5,CHROMOSOME_X:4595969-4605903,5.91,23.45,1.99,0.0012
F13B9.1,CHROMOSOME_X:8287208-8294463,8.38,33.18,1.99,0.0012
F59D12.5,CHROMOSOME_X:15646310-15647289,8.85,34.94,1.98,0.0012
C15C7.1,CHROMOSOME_X:3164512-3165646,7.43,29.25,1.98,0.0012
F54D11.3,CHROMOSOME_V:4635513-4637000,1.07,4.20,1.97,0.0312
T08D10.1,CHROMOSOME_X:11944289-11946766,2.68,10.36,1.95,0.0012
C07A12.5,CHROMOSOME_X:4514070-4516866,1.42,5.49,1.95,0.0012
F08B4.2,CHROMOSOME_IV:8669128-8677961,0.94,3.57,1.93,0.0012
W05H9.2,CHROMOSOME_X:6267012-6270997,6.05,22.99,1.93,0.0012
C04G6.6,CHROMOSOME_II:5099428-5100233,3.49,13.18,1.92,0.0052
K02B9.2,CHROMOSOME_X:13922710-13926108,3.46,13.00,1.91,0.0012
F54F7.5,CHROMOSOME_X:11857425-11862296,1.66,6.23,1.91,0.0012
F45C12.7,CHROMOSOME_II:1715167-1716503,1.95,7.26,1.90,0.0012
C37A2.5,CHROMOSOME_I:6773994-6780152,4.49,16.73,1.90,0.0012
T10B10.3,CHROMOSOME_X:15173831-15181397,11.70,43.17,1.88,0.0012
R09A8.1,CHROMOSOME_X:12612658-12618253,0.74,2.72,1.88,0.0031
Y34B4A.11,CHROMOSOME_X:5283162-5283687,21.53,78.73,1.87,0.0046
C11G6.1,CHROMOSOME_X:16332367-16345951,1.51,5.49,1.86,0.0012
C09B8.5,CHROMOSOME_X:6020830-6022458,0.62,2.24,1.86,0.0052
T20B5.1,CHROMOSOME_X:9336759-9342892,7.33,26.46,1.85,0.0012
Y38F1A.5,CHROMOSOME_II:12980521-12993049,1.07,3.82,1.83,0.0012
B0212.3,CHROMOSOME_IV:3540183-3543598,1.32,4.66,1.81,0.0012
ZK678.1,CHROMOSOME_X:15726060-15735318,4.53,15.87,1.81,0.0031
Y48G1BM.6,CHROMOSOME_I:231573-238252,0.29,1.02,1.81,0.0151
M01E5.6,CHROMOSOME_I:13298212-13300704,1.42,4.89,1.79,0.0052
W02B8.2,CHROMOSOME_II:13908850-13915179,3.19,11.02,1.79,0.0012
F54B11.5,CHROMOSOME_X:13594053-13595997,8.09,27.59,1.77,0.0012
C36C9.1,CHROMOSOME_X:1682946-1686378,5.58,19.00,1.77,0.0012
F52D2.6,CHROMOSOME_X:1974906-1980890,1.37,4.66,1.76,0.0012
K02B9.1,CHROMOSOME_X:13926964-13929563,15.81,53.57,1.76,0.0012
D2096.10,CHROMOSOME_IV:8387614-8392850,0.63,2.13,1.75,0.0052
F53H8.4,CHROMOSOME_X:944935-948882,2.13,7.17,1.75,0.0012
F08C6.3,CHROMOSOME_X:7565274-7569675,6.49,21.76,1.75,0.0160
K08A8.3,CHROMOSOME_X:7465902-7475249,4.19,14.05,1.74,0.0012
K04G2.10,CHROMOSOME_I:8057756-8060554,1.76,5.86,1.74,0.0012
C17H11.2,CHROMOSOME_X:8169879-8172818,3.30,11.00,1.73,0.0012
F11C1.6,CHROMOSOME_X:13008423-13013892,0.50,1.65,1.73,0.0123
W09H1.4,CHROMOSOME_II:13185021-13185844,7.22,23.88,1.73,0.0463
ZC53.1,CHROMOSOME_X:1911394-1913353,2.09,6.85,1.71,0.0173
Y102A5C.18,CHROMOSOME_V:16958565-16965657,9.33,30.47,1.71,0.0012
F25F2.2,CHROMOSOME_III:4520332-4536957,1.91,6.25,1.71,0.0012
Pseudogene C36A4.14a,CHROMOSOME_III:3832183-3832221,0.66,2.17,1.70,0.0253
C32F10.6,CHROMOSOME_I:5818481-5821111,2.89,9.39,1.70,0.0012
F54H12.5,CHROMOSOME_III:7969270-7972037,2.06,6.67,1.70,0.0012
Y6G8.3,CHROMOSOME_V:17601796-17602926,3.54,11.39,1.69,0.0046
C45B2.6,CHROMOSOME_X:6053064-6057311,3.15,10.05,1.67,0.0012
C35C5.6,CHROMOSOME_X:11563856-11569464,3.28,10.41,1.66,0.0012
Y54G2A.19,CHROMOSOME_IV:2893816-2894712,6.71,21.19,1.66,0.0012
F59B10.1,CHROMOSOME_II:10497303-10502481,1.61,5.08,1.66,0.0012
F52B11.3,CHROMOSOME_IV:14091228-14096599,2.09,6.52,1.64,0.0012
Y113G7B.23,CHROMOSOME_V:20239213-20249453,6.57,20.42,1.64,0.0012
F28C6.1,CHROMOSOME_II:8591079-8592922,0.64,1.99,1.63,0.0300
C26E6.2,CHROMOSOME_III:4952085-4955085,3.05,9.40,1.62,0.0012
F20D1.2,CHROMOSOME_X:14970680-14974706,15.70,48.34,1.62,0.0012
B0416.6,CHROMOSOME_X:9293606-9296563,13.41,40.90,1.61,0.0012
Y34B4A.2,CHROMOSOME_X:5279496-5281122,5.90,17.96,1.61,0.0012
F35C8.7,CHROMOSOME_X:5355601-5364290,6.01,18.26,1.60,0.0012
Y105C5B.13,CHROMOSOME_IV:15946757-15947407,4.80,14.58,1.60,0.0267
F08F3.9,CHROMOSOME_V:5437068-5439145,2.45,7.44,1.60,0.0078
Y10G11A.90,CHROMOSOME_IV:16417085-16417384,10.92,33.07,1.60,0.0012
F21G4.2,CHROMOSOME_X:9884219-9892270,22.21,66.95,1.59,0.0012
C39D10.7,CHROMOSOME_X:7907906-7914076,39.22,117.59,1.58,0.0012
F52D10.2,CHROMOSOME_X:11585607-11591652,3.32,9.94,1.58,0.0012
F44F1.7,CHROMOSOME_I:13269983-13272770,1.10,3.28,1.58,0.0151
F16B12.6,CHROMOSOME_X:14102289-14107846,4.62,13.77,1.58,0.0012
C02C6.1,CHROMOSOME_X:15568847-15573625,9.91,29.51,1.57,0.0012
K09E3.7,CHROMOSOME_X:17131272-17134453,1.26,3.74,1.57,0.0012
C34F6.9,CHROMOSOME_X:11215630-11222746,1.39,4.13,1.57,0.0316
T26C11.5,CHROMOSOME_X:1847150-1848669,5.91,17.59,1.57,0.0046
ZK177.1,CHROMOSOME_II:5528121-5529620,3.60,10.71,1.57,0.0012
R09A8.2,CHROMOSOME_X:12619403-12623488,1.52,4.51,1.57,0.0012
Y26E6A.1,CHROMOSOME_X:13914733-13917105,7.69,22.69,1.56,0.0012
Y53C10A.4,CHROMOSOME_I:11979430-11985646,0.52,1.53,1.56,0.0306
F54F7.6,CHROMOSOME_X:11865473-11866993,1.84,5.43,1.56,0.0065
T04B8.3,CHROMOSOME_II:627519-628675,1.19,3.50,1.56,0.0428
T02G5.4,CHROMOSOME_II:7082059-7084343,5.95,17.52,1.56,0.0012
T08A11.1,CHROMOSOME_III:4248127-4263021,3.86,11.34,1.55,0.0012
Y54G2A.21,CHROMOSOME_IV:2902371-2914814,1.19,3.49,1.55,0.0022
F52E10.1,CHROMOSOME_X:16275695-16282375,2.50,7.30,1.55,0.0012
M163.4,CHROMOSOME_X:14480501-14484586,4.22,12.31,1.55,0.0012
C34G6.6,CHROMOSOME_I:5874435-5878957,3.65,10.64,1.54,0.0012
F20D1.6,CHROMOSOME_X:14983454-14987298,11.00,31.96,1.54,0.0012
C34H3.1,CHROMOSOME_X:6142618-6150506,0.75,2.19,1.54,0.0250
F55A3.7,CHROMOSOME_I:10785456-10787852,4.38,12.71,1.54,0.0046
T11B7.1,CHROMOSOME_IV:8840711-8842792,0.80,2.33,1.54,0.0213
F44A6.2,CHROMOSOME_X:10201267-10205373,3.83,11.05,1.53,0.0012
F02E8.4,CHROMOSOME_X:4454102-4457279,8.21,23.64,1.53,0.0012
Y48C3A.8,CHROMOSOME_II:13321942-13330755,6.00,17.26,1.53,0.0012
R03D7.2,CHROMOSOME_II:10932727-10935177,4.00,11.51,1.52,0.0059
Y39E4B.10,CHROMOSOME_III:13143271-13152651,2.47,7.03,1.51,0.0012
H30A04.1,CHROMOSOME_X:15516586-15523932,1.90,5.37,1.50,0.0012
C18D1.1,CHROMOSOME_II:10061485-10074384,5.45,15.33,1.49,0.0012
C52D10.7,CHROMOSOME_IV:17163517-17164174,4.57,12.82,1.49,0.0491
C48D1.2,CHROMOSOME_IV:13199205-13206272,3.77,10.53,1.48,0.0012
K08H2.3,CHROMOSOME_X:13237352-13238408,4.86,13.52,1.48,0.0147
M110.5,CHROMOSOME_II:8226081-8229100,39.50,109.84,1.48,0.0012
T09B9.4,CHROMOSOME_X:9771655-9774296,12.16,33.79,1.47,0.0012
F17A2.13,CHROMOSOME_X:12321597-12322925,1.64,4.54,1.47,0.0425
T09B4.5,CHROMOSOME_I:6154076-6157402,6.22,17.26,1.47,0.0012
F23D12.10,CHROMOSOME_X:14413546-14415676,0.63,1.74,1.47,0.0257
F22F4.2,CHROMOSOME_X:5996118-6001499,16.20,44.89,1.47,0.0132
K09A9.2,CHROMOSOME_X:15604696-15606567,10.98,30.39,1.47,0.0012
F52D2.4,CHROMOSOME_X:1986196-1989599,7.46,20.50,1.46,0.0012
ZC84.3,CHROMOSOME_III:9185998-9199429,2.66,7.31,1.46,0.0012
F35A5.8,CHROMOSOME_X:3800024-3802751,5.31,14.58,1.46,0.0012
C35E7.1,CHROMOSOME_I:10846766-10850094,2.30,6.29,1.45,0.0059
F52D2.7,CHROMOSOME_X:1962564-1966164,2.35,6.42,1.45,0.0038
W01C9.2,CHROMOSOME_II:8536308-8538519,0.89,2.41,1.45,0.0112
K08C7.5,CHROMOSOME_IV:10682503-10684365,2.01,5.49,1.45,0.0132
C40A11.10,CHROMOSOME_II:2136536-2137305,3.99,10.81,1.44,0.0361
Pseudogene F43G6.3,CHROMOSOME_II:11783892-11784023,3.89,10.48,1.43,0.0038
C05C10.5,CHROMOSOME_II:9939094-9940278,45.99,123.34,1.42,0.0012
K09H9.7,CHROMOSOME_I:3150410-3152005,26.77,71.70,1.42,0.0012
C54H2.3,CHROMOSOME_X:5760253-5763341,3.39,9.06,1.42,0.0022
F40F4.7,CHROMOSOME_X:3243874-3245968,10.86,28.97,1.42,0.0012
F28H6.4,CHROMOSOME_X:14127811-14133458,2.68,7.14,1.41,0.0012
C36F7.1,CHROMOSOME_I:9536479-9540960,0.83,2.20,1.41,0.0234
T07D1.4,CHROMOSOME_X:2445793-2450500,2.72,7.23,1.41,0.0178
T24D1.1,CHROMOSOME_I:9947795-9953341,21.70,57.38,1.40,0.0012
T05A6.2,CHROMOSOME_II:7816457-7820227,11.93,31.50,1.40,0.0012
F32A6.3,CHROMOSOME_X:5283796-5289662,6.48,17.11,1.40,0.0012
F59B2.6,CHROMOSOME_III:9002711-9005880,17.44,45.84,1.39,0.0012
F54B11.6,CHROMOSOME_X:13598400-13599605,6.00,15.73,1.39,0.0090
K10D2.2,CHROMOSOME_III:5185878-5188608,45.18,118.31,1.39,0.0012
F53C11.8,CHROMOSOME_V:13804381-13807225,6.61,17.22,1.38,0.0012
F02H6.2,CHROMOSOME_IV:14196423-14198799,3.68,9.58,1.38,0.0012
F53B3.1,CHROMOSOME_X:2853669-2857595,4.30,11.18,1.38,0.0012
T22A3.3,CHROMOSOME_I:10588165-10590455,25.72,66.76,1.38,0.0012
F23D12.2,CHROMOSOME_X:14416047-14421402,0.74,1.92,1.37,0.0095
F20D1.1,CHROMOSOME_X:14968832-14970203,74.24,191.50,1.37,0.0012
T08D10.2,CHROMOSOME_X:11948783-11951872,2.63,6.78,1.37,0.0038
Y102A11A.8,CHROMOSOME_X:2039415-2046340,1.44,3.71,1.36,0.0190
W03G1.7,CHROMOSOME_IV:520209-523757,2.28,5.86,1.36,0.0095
Y71G12B.20,CHROMOSOME_I:1634741-1651382,1.89,4.85,1.36,0.0012
Y92H12BL.4,CHROMOSOME_I:1376943-1385059,1.18,3.02,1.36,0.0038
C08F1.6,CHROMOSOME_II:1787220-1788193,1.96,5.01,1.36,0.0463
F16B4.8,CHROMOSOME_V:1577689-1584934,7.01,17.93,1.35,0.0031
F53C11.7,CHROMOSOME_V:13800976-13804269,5.47,13.91,1.35,0.0012
B0281.5,CHROMOSOME_II:2299852-2300887,5.01,12.71,1.34,0.0209
R10D12.14,CHROMOSOME_V:13962401-13965390,22.98,58.36,1.34,0.0012
F19B10.9,CHROMOSOME_II:3671913-3673593,3.88,9.84,1.34,0.0084
C05E11.1,CHROMOSOME_X:4588738-4590420,14.34,36.36,1.34,0.0012
F57C7.1,CHROMOSOME_X:10569056-10575659,4.47,11.28,1.34,0.0012
T18D3.1,CHROMOSOME_X:12454676-12457903,2.60,6.55,1.34,0.0046
M03D4.1,CHROMOSOME_IV:6118212-6127293,33.70,84.91,1.33,0.0022
C35E7.5,CHROMOSOME_I:10823346-10828443,3.70,9.32,1.33,0.0012
K03D10.3,CHROMOSOME_I:14118745-14127161,4.00,10.05,1.33,0.0012
T16G12.4,CHROMOSOME_III:10057753-10058593,39.15,97.94,1.32,0.0012
H42K12.1,CHROMOSOME_X:1321347-1327980,2.79,6.95,1.32,0.0038
T01H8.1,CHROMOSOME_I:8573844-8580151,32.88,81.86,1.32,0.0012
W02A2.7,CHROMOSOME_IV:13353691-13356065,106.75,265.17,1.31,0.0012
F02H6.4,CHROMOSOME_IV:14216069-14219283,5.85,14.53,1.31,0.0022
Y54G11A.9,CHROMOSOME_II:14339929-14345879,4.05,9.98,1.30,0.0458
C33F10.2,CHROMOSOME_II:4828554-4832473,3.26,8.02,1.30,0.0012
F42A9.6,CHROMOSOME_IV:8609225-8611477,24.69,60.83,1.30,0.0012
C14A11.3,CHROMOSOME_X:2785592-2799235,4.35,10.69,1.30,0.0012
K08A8.1,CHROMOSOME_X:7479200-7480955,44.76,109.82,1.29,0.0012
W04A4.2,CHROMOSOME_I:13682409-13684328,4.71,11.55,1.29,0.0084
F55B12.3,CHROMOSOME_V:13818117-13825211,28.17,69.06,1.29,0.0012
T04C10.1,CHROMOSOME_X:14819843-14824471,10.82,26.39,1.29,0.0012
F47G3.3,CHROMOSOME_X:2375989-2379052,2.41,5.86,1.28,0.0137
F58D5.4,CHROMOSOME_I:12047330-12059791,4.93,12.00,1.28,0.0012
C49F5.3,CHROMOSOME_X:11982722-11983831,7.30,17.74,1.28,0.0038
T09B9.1,CHROMOSOME_X:9757212-9761223,5.66,13.74,1.28,0.0059
Y39B6A.39,CHROMOSOME_V:18981289-18986100,5.48,13.26,1.27,0.0012
F22F1.1,CHROMOSOME_X:8159104-8160037,7.51,18.16,1.27,0.0132
T03D3.5,CHROMOSOME_V:2823864-2826824,4.35,10.48,1.27,0.0084
B0416.5,CHROMOSOME_X:9268574-9270794,40.64,97.42,1.26,0.0012
ZK637.1,CHROMOSOME_III:8882887-8885404,1.96,4.68,1.26,0.0294
F52H2.2,CHROMOSOME_X:2554221-2557718,4.28,10.19,1.25,0.0072
F30F8.2,CHROMOSOME_I:7826435-7831624,1.56,3.71,1.25,0.0257
Y48G1C.10,CHROMOSOME_I:81200-84959,3.60,8.57,1.25,0.0106
F44E2.2,CHROMOSOME_III:8853721-8861021,35.23,83.76,1.25,0.0012
W03C9.2,CHROMOSOME_II:11962046-11965191,8.56,20.34,1.25,0.0012
JC8.10,CHROMOSOME_IV:13259147-13272490,6.47,15.37,1.25,0.0012
Y73B6A.5,CHROMOSOME_IV:6742526-6748413,16.01,38.00,1.25,0.0012
ZK858.6,CHROMOSOME_I:9135756-9145625,39.21,93.05,1.25,0.0012
F58D5.1,CHROMOSOME_I:12060266-12064890,22.29,52.85,1.25,0.0012
Pseudogene Y102A5C.6,CHROMOSOME_V:16929142-16930039,13.85,32.78,1.24,0.0012
Y46H3C.5,CHROMOSOME_V:1691028-1691735,10.61,25.08,1.24,0.0312
F32D1.6,CHROMOSOME_V:4371792-4374862,10.69,25.27,1.24,0.0404
C43E11.3,CHROMOSOME_I:4254380-4264684,10.03,23.69,1.24,0.0012
F39B2.4,CHROMOSOME_I:14777126-14787793,6.25,14.75,1.24,0.0012
C08B11.1,CHROMOSOME_II:8017628-8020708,56.38,132.90,1.24,0.0012
Y54E10A.15,CHROMOSOME_I:3223163-3228024,8.07,19.00,1.24,0.0012
F14H3.3,CHROMOSOME_V:16051900-16053433,4.83,11.37,1.24,0.0137
F33H1.1,CHROMOSOME_II:10157477-10169262,3.07,7.22,1.23,0.0038
Y11D7A.13,CHROMOSOME_IV:9270079-9271601,9.77,22.90,1.23,0.0012
F47B10.1,CHROMOSOME_X:10897606-10900051,80.47,188.69,1.23,0.0012
F52F12.6,CHROMOSOME_I:9904293-9910536,3.36,7.86,1.23,0.0277
C04B4.2,CHROMOSOME_X:12283232-12285246,14.46,33.80,1.22,0.0012
H05L14.2,CHROMOSOME_I:7980231-7993132,4.85,11.32,1.22,0.0012
K07A12.2,CHROMOSOME_I:8676656-8681328,40.12,93.51,1.22,0.0012
ZK353.1,CHROMOSOME_III:8405801-8409331,18.04,41.98,1.22,0.0012
E01G4.4,CHROMOSOME_II:13448764-13460572,7.53,17.48,1.22,0.0012
F09G2.9,CHROMOSOME_V:7193744-7196119,53.65,124.51,1.21,0.0012
F28D9.1,CHROMOSOME_I:11163802-11182055,5.81,13.49,1.21,0.0038
Y47D7A.1,CHROMOSOME_V:4422391-4423051,23.17,53.65,1.21,0.0117
F19B10.1,CHROMOSOME_II:3683179-3684612,4.26,9.86,1.21,0.0485
C06A5.1,CHROMOSOME_I:6012059-6021985,8.54,19.75,1.21,0.0012
T23G4.1,CHROMOSOME_IV:13701215-13704003,2.78,6.43,1.21,0.0084
T04C10.2,CHROMOSOME_X:14815914-14818438,40.04,92.48,1.21,0.0012
F38E1.7,CHROMOSOME_V:8355967-8358168,28.73,66.33,1.21,0.0012
R05H11.1,CHROMOSOME_III:6795583-6797684,1.95,4.50,1.21,0.0156
C24A8.3,CHROMOSOME_X:4303252-4311742,1.21,2.79,1.21,0.0151
T01G5.7,CHROMOSOME_V:15111949-15114075,2.95,6.79,1.21,0.0117
F16H11.3,CHROMOSOME_X:4647495-4649167,9.59,22.04,1.20,0.0031
ZK632.7,CHROMOSOME_III:9819206-9823036,15.43,35.46,1.20,0.0012
T10C6.10,CHROMOSOME_V:16036392-16038323,4.33,9.94,1.20,0.0194
C32A3.3,CHROMOSOME_III:3636027-3643654,11.35,26.04,1.20,0.0012
ZK1053.4,CHROMOSOME_I:13241652-13244719,2.15,4.92,1.20,0.0234
F15D4.5,CHROMOSOME_II:13245359-13247704,4.08,9.34,1.20,0.0127
T05E7.5,CHROMOSOME_I:6200796-6202348,2.04,4.67,1.20,0.0433
ZK783.4,CHROMOSOME_III:7650486-7655967,3.55,8.11,1.19,0.0012
ZK675.1,CHROMOSOME_II:7893177-7900433,43.73,99.77,1.19,0.0012
F59E10.1,CHROMOSOME_II:10873868-10877797,14.62,33.34,1.19,0.0012
ZK524.4,CHROMOSOME_I:7460849-7466420,9.86,22.47,1.19,0.0012
R04A9.2,CHROMOSOME_X:372233-376974,5.22,11.90,1.19,0.0012
T04D1.4,CHROMOSOME_I:4685868-4698576,4.25,9.68,1.19,0.0012
F54B3.1,CHROMOSOME_II:10251205-10269984,7.32,16.64,1.19,0.0012
F19B10.10,CHROMOSOME_II:3677537-3681418,3.96,9.01,1.18,0.0165
R11A8.1,CHROMOSOME_IV:10355101-10357141,7.72,17.53,1.18,0.0012
C49F5.6,CHROMOSOME_X:11988245-11991219,7.56,17.09,1.18,0.0012
T04G9.1,CHROMOSOME_X:788351-796155,0.68,1.53,1.18,0.0190
Y19D10A.12,CHROMOSOME_V:2375041-2379504,5.76,13.01,1.17,0.0186
F59A2.1,CHROMOSOME_III:3397731-3404468,81.30,183.50,1.17,0.0012
Y116A8C.16,CHROMOSOME_IV:16995741-17014911,6.15,13.87,1.17,0.0059
F53A2.8,CHROMOSOME_III:13346983-13356266,11.26,25.41,1.17,0.0012
D2085.1,CHROMOSOME_II:8651056-8658766,6.85,15.45,1.17,0.0012
T05A12.4,CHROMOSOME_IV:6887936-6897766,2.01,4.52,1.17,0.0012
C54D10.3,CHROMOSOME_V:12418570-12420925,8.82,19.87,1.17,0.0387
F54F2.2,CHROMOSOME_III:8792765-8807265,17.43,39.21,1.17,0.0012
ZK721.1,CHROMOSOME_X:8792106-8796041,2.25,5.06,1.17,0.0084
M70.5,CHROMOSOME_IV:2264965-2275701,1.68,3.78,1.17,0.0209
C53B7.1,CHROMOSOME_X:6853577-6860885,2.66,5.99,1.17,0.0238
F13C5.2,CHROMOSOME_X:593952-596299,8.15,18.33,1.17,0.0012
F45B8.1,CHROMOSOME_X:14964512-14965863,8.85,19.89,1.17,0.0084
ZK154.5,CHROMOSOME_X:7783135-7787884,2.29,5.14,1.17,0.0046
F59G1.3,CHROMOSOME_II:5907792-5911199,17.14,38.41,1.16,0.0012
Y4C6A.3,CHROMOSOME_IV:5450982-5452417,11.63,26.02,1.16,0.0012
C09B8.7,CHROMOSOME_X:6044273-6048575,13.02,29.10,1.16,0.0012
C12C8.3,CHROMOSOME_I:9335763-9342488,35.18,78.62,1.16,0.0012
F40E10.1,CHROMOSOME_X:14696341-14699907,2.75,6.15,1.16,0.0220
C33C12.10,CHROMOSOME_II:2192368-2194119,1.77,3.95,1.16,0.0182
F55F8.9,CHROMOSOME_I:5669949-5673357,20.25,45.16,1.16,0.0012
F43C1.2,CHROMOSOME_III:4216742-4228067,20.76,46.29,1.16,0.0012
F32H2.5,CHROMOSOME_I:8975376-8986515,10.91,24.30,1.15,0.0012
C44E4.2,CHROMOSOME_I:4631391-4633348,4.65,10.35,1.15,0.0123
B0273.2,CHROMOSOME_IV:5486675-5490322,28.55,63.50,1.15,0.0012
F18A11.1,CHROMOSOME_II:13039552-13043406,16.60,36.90,1.15,0.0012
C07D10.2,CHROMOSOME_II:7394721-7397308,23.06,51.25,1.15,0.0012
K07F5.13,CHROMOSOME_IV:9858465-9862098,18.61,41.32,1.15,0.0012
Y20C6A.2,CHROMOSOME_V:17377396-17379201,3.64,8.08,1.15,0.0341
B0523.5,CHROMOSOME_III:8675440-8683612,9.56,21.19,1.15,0.0012
C17E4.9,CHROMOSOME_I:9431239-9433804,21.79,48.28,1.15,0.0012
C34B7.4,CHROMOSOME_I:8333146-8336176,7.65,16.93,1.15,0.0012
D1007.7,CHROMOSOME_I:4597890-4602667,10.66,23.61,1.15,0.0012
C36C9.3,CHROMOSOME_X:1676199-1678102,2.88,6.37,1.15,0.0287
C27D9.1,CHROMOSOME_II:4753438-4756780,14.29,31.57,1.14,0.0012
F28H6.6,CHROMOSOME_X:14117041-14125805,1.49,3.28,1.14,0.0194
D2030.8,CHROMOSOME_I:7591292-7595194,11.29,24.89,1.14,0.0012
T23F11.4,CHROMOSOME_III:4663146-4665325,2.44,5.39,1.14,0.0341
Y17G7B.13,CHROMOSOME_II:12042845-12048981,4.62,10.18,1.14,0.0012
F55A8.1,CHROMOSOME_IV:1902322-1917614,5.31,11.70,1.14,0.0137
C52B9.8,CHROMOSOME_X:4297835-4303160,2.04,4.49,1.14,0.0038
M01F1.9,CHROMOSOME_III:3493797-3499044,15.24,33.52,1.14,0.0012
Y67H2A.10,CHROMOSOME_IV:13282962-13289475,17.00,37.36,1.14,0.0012
F29D11.2,CHROMOSOME_I:7634493-7639776,16.65,36.56,1.14,0.0012
F41C3.4,CHROMOSOME_II:4740405-4741612,17.43,38.22,1.13,0.0012
F52F12.3,CHROMOSOME_I:9895682-9900810,11.31,24.79,1.13,0.0012
K03B4.2,CHROMOSOME_V:4687092-4689221,35.13,76.96,1.13,0.0012
R02D5.1,CHROMOSOME_V:14508237-14509656,3.79,8.30,1.13,0.0350
C09G9.6,CHROMOSOME_IV:8888959-8890843,86.76,189.73,1.13,0.0012
R07G3.7,CHROMOSOME_II:7610934-7614387,16.55,36.20,1.13,0.0012
F20D1.3,CHROMOSOME_X:14976044-14978651,91.95,200.75,1.13,0.0012
F56A11.3,CHROMOSOME_IV:559237-568076,3.62,7.91,1.13,0.0300
H20J04.2,CHROMOSOME_II:4340154-4350988,9.20,20.07,1.13,0.0012
F49H12.1,CHROMOSOME_X:2089659-2093240,6.18,13.48,1.13,0.0038
C44B9.3,CHROMOSOME_III:10878091-10880086,15.74,34.30,1.12,0.0012
R04D3.3,CHROMOSOME_X:13288843-13290559,34.85,75.91,1.12,0.0012
Y59A8B.22,CHROMOSOME_V:17968520-17980055,13.97,30.39,1.12,0.0012
Y55F3AM.15,CHROMOSOME_IV:1077489-1087015,11.20,24.36,1.12,0.0012
Y42H9AR.4,CHROMOSOME_IV:8107751-8112211,12.34,26.83,1.12,0.0012
Y48B6A.11,CHROMOSOME_II:14234897-14243515,6.13,13.32,1.12,0.0012
AH6.5,CHROMOSOME_II:9524112-9526307,74.85,162.64,1.12,0.0012
F52B11.1,CHROMOSOME_IV:14077415-14083534,20.73,45.00,1.12,0.0012
F02E8.5,CHROMOSOME_X:4459608-4462584,3.62,7.86,1.12,0.0052
Y71A12B.12,CHROMOSOME_I:14002435-14008459,2.09,4.52,1.12,0.0322
T21C9.13,CHROMOSOME_V:10597293-10598643,33.43,72.43,1.12,0.0012
F45E6.3,CHROMOSOME_X:12484985-12491034,1.95,4.23,1.11,0.0312
F55G1.4,CHROMOSOME_IV:7478440-7485508,27.95,60.47,1.11,0.0012
C36B1.12,CHROMOSOME_I:8752227-8755672,44.66,96.61,1.11,0.0012
C26C6.1,CHROMOSOME_I:7495432-7505576,21.44,46.32,1.11,0.0012
F13A7.14,CHROMOSOME_V:16401868-16405249,13.07,28.23,1.11,0.0022
C50E3.13,CHROMOSOME_V:7622315-7624195,4.14,8.94,1.11,0.0227
DY3.7,CHROMOSOME_I:8792958-8797287,25.25,54.51,1.11,0.0012
C26E6.9,CHROMOSOME_III:4922834-4930170,8.51,18.37,1.11,0.0012
ZK154.7,CHROMOSOME_X:7794992-7798236,3.99,8.61,1.11,0.0059
F45F2.10,CHROMOSOME_V:8513540-8518636,23.80,51.28,1.11,0.0012
F28B3.8,CHROMOSOME_I:4918392-4926236,23.68,51.01,1.11,0.0012
C02F12.8,CHROMOSOME_X:3690153-3693225,1.97,4.24,1.11,0.0370
W03A5.4,CHROMOSOME_III:5431367-5434428,8.90,19.14,1.10,0.0012
Y54G2A.26,CHROMOSOME_IV:2986081-2995571,7.16,15.39,1.10,0.0022
ZK643.2,CHROMOSOME_III:8956404-8960616,10.16,21.80,1.10,0.0031
F45E6.2,CHROMOSOME_X:12480879-12484811,3.92,8.41,1.10,0.0038
T19B4.2,CHROMOSOME_I:5691840-5697453,32.11,68.70,1.10,0.0012
ZK484.3,CHROMOSOME_I:6068533-6070126,17.50,37.42,1.10,0.0012
Y59A8A.3,CHROMOSOME_V:17845717-17855965,43.24,92.34,1.09,0.0012
Y39A1B.3,CHROMOSOME_III:10763047-10777243,10.27,21.90,1.09,0.0012
E04F6.11,CHROMOSOME_II:7217913-7225607,3.42,7.29,1.09,0.0059
T23D8.9,CHROMOSOME_I:9980155-9984815,8.41,17.91,1.09,0.0306
F52B5.2,CHROMOSOME_I:8315894-8318245,21.12,44.93,1.09,0.0012
T22B7.4,CHROMOSOME_X:5638546-5641398,1.15,2.45,1.09,0.0491
F10D7.5,CHROMOSOME_X:17382920-17391488,5.41,11.48,1.09,0.0411
T21B10.4,CHROMOSOME_II:8940831-8947627,27.59,58.55,1.09,0.0012
T25G3.2,CHROMOSOME_I:7554887-7562347,69.50,147.48,1.09,0.0151
B0495.6,CHROMOSOME_II:7698560-7699125,13.27,28.15,1.08,0.0072
T28F3.3,CHROMOSOME_IV:17285695-17287415,23.94,50.71,1.08,0.0012
F53B1.2,CHROMOSOME_X:2108975-2113078,1.73,3.66,1.08,0.0350
T23C6.3,CHROMOSOME_X:17135935-17138038,4.99,10.55,1.08,0.0031
Y43F4B.3,CHROMOSOME_III:13277159-13292984,7.03,14.86,1.08,0.0242
C37A2.4,CHROMOSOME_I:6780806-6784535,22.91,48.41,1.08,0.0012
C32E8.8,CHROMOSOME_I:3789308-3792800,44.61,94.25,1.08,0.0012
Y42H9B.2,CHROMOSOME_IV:7988675-8004109,15.09,31.85,1.08,0.0012
D1044.6,CHROMOSOME_III:5535617-5543128,13.46,28.40,1.08,0.0012
T03D8.1,CHROMOSOME_V:20829779-20837521,16.86,35.57,1.08,0.0012
F14D7.2,CHROMOSOME_V:14291765-14293697,12.60,26.53,1.07,0.0031
R160.1,CHROMOSOME_X:4389339-4393770,7.14,15.03,1.07,0.0012
Y113G7B.24,CHROMOSOME_V:20234770-20237714,6.47,13.61,1.07,0.0012
Y34B4A.3,CHROMOSOME_X:5275534-5278485,3.30,6.94,1.07,0.0201
C36B1.8,CHROMOSOME_I:8737065-8742558,20.42,42.90,1.07,0.0012
F53G12.5,CHROMOSOME_I:127296-134065,63.67,133.70,1.07,0.0012
C50E3.12,CHROMOSOME_V:7620494-7622010,4.41,9.26,1.07,0.0380
T26A8.4,CHROMOSOME_IV:8428947-8431482,19.94,41.84,1.07,0.0012
F54E4.1,CHROMOSOME_X:14611334-14624788,8.04,16.86,1.07,0.0012
C49H3.9,CHROMOSOME_IV:7903725-7909462,11.13,23.35,1.07,0.0147
Y41D4B.19,CHROMOSOME_IV:1567895-1595823,21.84,45.72,1.07,0.0012
Y47D7A.14,CHROMOSOME_V:4438953-4450541,10.85,22.71,1.07,0.0046
W07E11.1,CHROMOSOME_X:10084607-10104062,16.60,34.74,1.07,0.0038
ZK662.3,CHROMOSOME_X:15708152-15716345,4.60,9.63,1.07,0.0065
C50E10.4,CHROMOSOME_II:12339879-12344729,3.48,7.28,1.07,0.0072
F08F1.7,CHROMOSOME_X:8418592-8422002,47.06,98.43,1.06,0.0012
Y53C12A.1,CHROMOSOME_II:9713601-9716410,41.91,87.63,1.06,0.0012
C53A5.3,CHROMOSOME_V:14525371-14527398,48.89,102.15,1.06,0.0012
C18F3.2,CHROMOSOME_IV:8062654-8083464,26.67,55.70,1.06,0.0012
T22B7.7,CHROMOSOME_X:5651834-5653890,13.21,27.59,1.06,0.0022
C01A2.3,CHROMOSOME_I:13387805-13391439,6.73,14.04,1.06,0.0012
Y87G2A.7,CHROMOSOME_I:13572367-13575629,14.51,30.28,1.06,0.0012
C09E7.8,CHROMOSOME_III:6553521-6558522,5.20,10.83,1.06,0.0012
K08D9.3,CHROMOSOME_V:3210188-3223128,12.51,26.06,1.06,0.0012
Y55F3BL.2,CHROMOSOME_IV:808673-824204,4.30,8.95,1.06,0.0022
ZK256.1,CHROMOSOME_I:13004426-13023561,12.07,25.14,1.06,0.0012
C30F12.4,CHROMOSOME_I:6972155-6973788,22.45,46.74,1.06,0.0012
C05B10.1,CHROMOSOME_IV:6842952-6844955,14.91,31.03,1.06,0.0031
K04C2.3,CHROMOSOME_III:6872993-6873653,140.15,291.70,1.06,0.0012
C34F6.4,CHROMOSOME_X:11204043-11207026,3.28,6.83,1.06,0.0260
W09D10.2,CHROMOSOME_III:10722047-10730075,18.04,37.50,1.06,0.0012
T24B8.7,CHROMOSOME_II:9042714-9053603,17.48,36.30,1.05,0.0012
C18B12.6,CHROMOSOME_X:15003994-15007238,3.01,6.25,1.05,0.0072
F21H11.2,CHROMOSOME_III:5109661-5130636,12.53,26.01,1.05,0.0290
F49E11.1,CHROMOSOME_IV:13009110-13035852,53.72,111.44,1.05,0.0059
F30A10.10,CHROMOSOME_I:9506544-9511177,17.31,35.88,1.05,0.0012
F55A12.3,CHROMOSOME_I:5358522-5365166,16.61,34.41,1.05,0.0012
C16C10.5,CHROMOSOME_III:4168770-4171135,10.25,21.19,1.05,0.0012
Y48A6C.4,CHROMOSOME_III:11119696-11127073,5.15,10.65,1.05,0.0012
W10D9.4,CHROMOSOME_II:461664-467365,8.28,17.11,1.05,0.0022
Y40B1B.6,CHROMOSOME_I:13438045-13450207,10.73,22.16,1.05,0.0012
W04A8.7,CHROMOSOME_I:13861455-13887641,5.27,10.89,1.05,0.0012
R74.5,CHROMOSOME_III:4197256-4204243,15.90,32.80,1.04,0.0335
C27B7.8,CHROMOSOME_IV:8916238-8918877,43.97,90.68,1.04,0.0012
K06B9.4,CHROMOSOME_IV:4188998-4195887,11.72,24.14,1.04,0.0046
M01G5.6,CHROMOSOME_III:1495430-1496019,11.58,23.85,1.04,0.0106
T19E10.1,CHROMOSOME_II:10778335-10783230,17.34,35.70,1.04,0.0012
K02C4.3,CHROMOSOME_II:8078404-8086797,20.51,42.20,1.04,0.0012
T28B11.1,CHROMOSOME_V:10712669-10732402,33.17,68.26,1.04,0.0012
M01E5.4,CHROMOSOME_I:13287539-13289535,23.15,47.59,1.04,0.0022
F57B10.1,CHROMOSOME_I:6574002-6587883,26.76,55.00,1.04,0.0012
F53H8.1,CHROMOSOME_X:954931-957760,8.50,17.48,1.04,0.0059
C14C11.7,CHROMOSOME_V:5663583-5666447,5.86,12.02,1.04,0.0065
F26F4.7,CHROMOSOME_III:4894610-4899049,25.86,53.03,1.04,0.0012
C02F4.1,CHROMOSOME_IV:10484089-10492932,8.13,16.66,1.04,0.0012
T19B4.7,CHROMOSOME_I:5678633-5691508,20.77,42.55,1.03,0.0078
T20D3.7,CHROMOSOME_IV:9339382-9341773,17.45,35.74,1.03,0.0012
C03B8.4,CHROMOSOME_III:7694488-7709407,16.56,33.90,1.03,0.0012
C27F2.8,CHROMOSOME_III:4987208-4998126,24.34,49.79,1.03,0.0012
F07A11.2,CHROMOSOME_II:11592325-11596524,114.39,234.00,1.03,0.0012
F42G10.1,CHROMOSOME_X:10017987-10022246,1.61,3.30,1.03,0.0395
T01B7.6,CHROMOSOME_II:8722423-8725465,23.21,47.43,1.03,0.0012
T06D4.1,CHROMOSOME_II:3381838-3384023,12.42,25.38,1.03,0.0038
ZC404.8,CHROMOSOME_V:6780619-6784905,201.38,411.35,1.03,0.0022
F26H9.2,CHROMOSOME_I:9287438-9293999,14.93,30.49,1.03,0.0106
R11E3.7,CHROMOSOME_IV:4799374-4802584,11.19,22.85,1.03,0.0022
F58A3.1,CHROMOSOME_X:11028850-11040539,4.26,8.68,1.03,0.0101
F22D3.1,CHROMOSOME_II:6951597-6965645,21.27,43.36,1.03,0.0046
Y44E3A.6,CHROMOSOME_I:3338368-3349902,18.27,37.24,1.03,0.0012
T02C5.3,CHROMOSOME_X:2698504-2705859,7.01,14.29,1.03,0.0084
ZK867.1,CHROMOSOME_X:7218065-7226002,2.22,4.52,1.03,0.0460
K04G2.2,CHROMOSOME_I:8030953-8035691,32.78,66.74,1.03,0.0031
F44B9.6,CHROMOSOME_III:8016596-8020805,19.84,40.36,1.02,0.0012
M02B1.3,CHROMOSOME_IV:12836483-12840650,43.60,88.70,1.02,0.0012
C01C7.1,CHROMOSOME_IV:12622060-12630999,4.71,9.56,1.02,0.0022
Y23H5B.5,CHROMOSOME_I:2498135-2506235,7.01,14.24,1.02,0.0012
T16G12.8,CHROMOSOME_III:10059210-10061895,7.40,15.03,1.02,0.0117
W09C2.1,CHROMOSOME_IV:9615138-9620124,1.99,4.03,1.02,0.0485
C35C5.1,CHROMOSOME_X:11522646-11533384,0.76,1.55,1.02,0.0182
C15C7.2,CHROMOSOME_X:3159927-3164419,3.91,7.93,1.02,0.0151
K02F2.3,CHROMOSOME_I:6814528-6834698,21.06,42.69,1.02,0.0012
Y53C10A.12,CHROMOSOME_I:11953501-11961977,17.94,36.31,1.02,0.0012
F54C9.8,CHROMOSOME_II:8575489-8577671,214.98,434.88,1.02,0.0012
C25H3.8,CHROMOSOME_II:5669753-5679258,9.82,19.86,1.02,0.0012
C47D12.1,CHROMOSOME_II:11661515-11675863,10.55,21.33,1.02,0.0012
C16C10.1,CHROMOSOME_III:4178697-4181414,16.05,32.46,1.02,0.0038
R08E3.3,CHROMOSOME_X:4818568-4821678,6.21,12.55,1.02,0.0052
T02G6.5,CHROMOSOME_I:11815901-11819265,4.27,8.62,1.01,0.0319
Y48G1BL.2,CHROMOSOME_I:203036-208467,2.97,6.00,1.01,0.0065
C14B9.6,CHROMOSOME_III:8108723-8125409,3.87,7.80,1.01,0.0065
M106.3,CHROMOSOME_II:10857412-10860849,27.82,56.10,1.01,0.0012
F33D11.12,CHROMOSOME_I:5862643-5866436,20.90,42.10,1.01,0.0012
ZK1290.4,CHROMOSOME_II:7538145-7542957,11.07,22.30,1.01,0.0012
Y40B1A.3,CHROMOSOME_I:13349398-13358663,7.36,14.82,1.01,0.0165
W03A3.2,CHROMOSOME_III:5791125-5802997,7.06,14.20,1.01,0.0012
ZC168.4,CHROMOSOME_IV:10735303-10737161,95.46,191.89,1.01,0.0022
T24D1.3,CHROMOSOME_I:9958770-9960145,48.53,97.38,1.00,0.0012
ZK112.2,CHROMOSOME_III:7731321-7737641,26.86,53.84,1.00,0.0012
T07A9.6,CHROMOSOME_IV:419986-425173,74.91,150.12,1.00,0.0022
W02D3.10,CHROMOSOME_I:6746018-6753032,7.50,15.01,1.00,0.0012
F02H6.3,CHROMOSOME_IV:14203419-14205331,6.90,13.81,1.00,0.0450
C50C3.6,CHROMOSOME_III:8164311-8172639,42.23,84.43,1.00,0.0038
ZK856.12,CHROMOSOME_V:10212922-10216685,18.66,37.30,1.00,0.0012
T12D8.3,CHROMOSOME_III:13639525-13641589,9.55,19.08,1.00,0.0012
F48A11.4,CHROMOSOME_II:213190-216623,15.85,31.63,1.00,0.0012
C15A11.7,CHROMOSOME_I:7405026-7408508,5.59,11.14,1.00,0.0141
C06G3.10,CHROMOSOME_IV:7032687-7039569,11.89,23.68,0.99,0.0496
T07D3.7,CHROMOSOME_II:873182-878961,8.73,17.39,0.99,0.0031
C05D2.6,CHROMOSOME_III:5600339-5603614,11.56,23.02,0.99,0.0031
Y57A10A.8,CHROMOSOME_II:12164774-12170735,7.59,15.11,0.99,0.0078
Y71G12B.9,CHROMOSOME_I:1755330-1766469,8.51,16.93,0.99,0.0165
F41D9.3,CHROMOSOME_X:8387413-8392529,5.57,11.08,0.99,0.0038
R05H10.3,CHROMOSOME_II:14869867-14882977,13.02,25.89,0.99,0.0065
W06F12.1,CHROMOSOME_III:13701891-13723972,10.68,21.22,0.99,0.0031
W03C9.7,CHROMOSOME_II:11968572-11973627,81.69,162.21,0.99,0.0022
CC8.2,CHROMOSOME_IV:3645157-3648679,10.76,21.36,0.99,0.0046
C25H3.11,CHROMOSOME_II:5684460-5689012,6.31,12.50,0.99,0.0022
F11E6.7,CHROMOSOME_IV:17457792-17461242,23.68,46.94,0.99,0.0022
K04C1.5,CHROMOSOME_X:14247982-14249779,20.08,39.80,0.99,0.0031
T20F5.6,CHROMOSOME_I:3920179-3925174,19.78,39.19,0.99,0.0012
B0393.6,CHROMOSOME_III:4780123-4781946,27.45,54.40,0.99,0.0012
Y54E10BR.8,CHROMOSOME_I:3052050-3059167,9.44,18.69,0.99,0.0038
H02I12.1,CHROMOSOME_IV:11372966-11377578,212.14,420.05,0.99,0.0190
F46B6.5,CHROMOSOME_V:9779525-9783040,27.24,53.92,0.98,0.0012
T26A5.2,CHROMOSOME_III:6467329-6471602,7.65,15.13,0.98,0.0012
R02D3.5,CHROMOSOME_IV:237590-240309,12.58,24.90,0.98,0.0022
C10G11.6,CHROMOSOME_I:6289432-6293857,7.56,14.96,0.98,0.0132
F59F4.4,CHROMOSOME_X:15849830-15851702,50.29,99.49,0.98,0.0012
Y111B2A.24,CHROMOSOME_III:12699397-12710459,11.10,21.96,0.98,0.0052
ZC376.6,CHROMOSOME_V:14185769-14192143,10.62,21.01,0.98,0.0012
F32D1.10,CHROMOSOME_V:4347149-4361538,76.35,150.96,0.98,0.0012
F19B6.1,CHROMOSOME_IV:12329312-12336018,42.96,84.92,0.98,0.0271
C04A2.7,CHROMOSOME_II:6852175-6858255,61.09,120.66,0.98,0.0012
F08G12.10,CHROMOSOME_X:11294897-11296667,19.77,39.04,0.98,0.0031
Y17G7B.2,CHROMOSOME_II:11980361-11988797,10.04,19.81,0.98,0.0038
C26E6.7,CHROMOSOME_III:4932413-4934907,11.51,22.70,0.98,0.0012
C41G7.4,CHROMOSOME_I:9519233-9521265,4.98,9.82,0.98,0.0271
F42A9.1,CHROMOSOME_IV:8631320-8643991,16.84,33.22,0.98,0.0012
C50B6.3,CHROMOSOME_V:13313584-13315801,25.84,50.93,0.98,0.0022
Y20F4.4,CHROMOSOME_I:2034326-2043814,7.51,14.80,0.98,0.0031
F10C2.4,CHROMOSOME_V:12041587-12045316,22.94,45.17,0.98,0.0031
F08B4.1,CHROMOSOME_IV:8692085-8696443,8.84,17.41,0.98,0.0012
T23G7.1,CHROMOSOME_II:9167870-9172914,18.28,35.97,0.98,0.0072
Y47D3A.27,CHROMOSOME_III:11312113-11316958,3.60,7.09,0.98,0.0173
Y32H12A.8,CHROMOSOME_III:5385577-5404946,2.60,5.11,0.98,0.0022
C05D2.1,CHROMOSOME_III:5624971-5632277,4.20,8.25,0.98,0.0173
C44E4.7,CHROMOSOME_I:4623460-4629468,9.16,17.99,0.97,0.0038
C36B1.11,CHROMOSOME_I:8755836-8757599,45.19,88.76,0.97,0.0012
M04F3.5,CHROMOSOME_I:4773818-4777718,16.53,32.45,0.97,0.0012
F32E10.2,CHROMOSOME_IV:7574341-7578370,23.99,47.11,0.97,0.0322
C09D4.4,CHROMOSOME_I:5479552-5484646,18.46,36.21,0.97,0.0046
B0001.4,CHROMOSOME_IV:12129481-12137327,44.29,86.83,0.97,0.0329
Y97E10AL.3,CHROMOSOME_V:7980672-7983411,13.16,25.80,0.97,0.0117
M01G5.5,CHROMOSOME_III:1520215-1532760,11.83,23.18,0.97,0.0022
Y55F3AL.1,CHROMOSOME_IV:959451-984392,5.28,10.33,0.97,0.0022
F18C12.2,CHROMOSOME_I:8083575-8095569,15.86,31.05,0.97,0.0012
Y47D3A.25,CHROMOSOME_III:11306278-11311471,10.34,20.24,0.97,0.0012
C34B7.2,CHROMOSOME_I:8336974-8346016,11.92,23.33,0.97,0.0012
C41D11.7,CHROMOSOME_I:4451197-4456806,7.36,14.39,0.97,0.0012
T07F8.3,CHROMOSOME_II:7132600-7137175,59.84,117.01,0.97,0.0012
F57B9.2,CHROMOSOME_III:6946693-6958816,39.90,78.00,0.97,0.0052
H38K22.1,CHROMOSOME_III:4302808-4313097,15.17,29.62,0.97,0.0022
C29E4.2,CHROMOSOME_III:7941649-7946953,21.50,41.96,0.96,0.0012
F55C5.4,CHROMOSOME_V:12271864-12276988,20.19,39.38,0.96,0.0031
B0513.1,CHROMOSOME_IV:13888063-13892988,11.26,21.94,0.96,0.0038
Y73E7A.6,CHROMOSOME_I:1607680-1610136,24.36,47.44,0.96,0.0059
W08A12.1,CHROMOSOME_V:3687107-3701755,10.55,20.53,0.96,0.0022
Y53C12A.4,CHROMOSOME_II:9700526-9703673,10.74,20.90,0.96,0.0052
R05D3.11,CHROMOSOME_III:8375225-8380777,19.77,38.46,0.96,0.0031
C07E3.6,CHROMOSOME_II:10367681-10369537,4.51,8.77,0.96,0.0430
T02G5.12,CHROMOSOME_II:7096306-7098551,14.35,27.90,0.96,0.0046
Y92H12A.1,CHROMOSOME_I:1566932-1580198,9.11,17.69,0.96,0.0012
Y59A8B.14,CHROMOSOME_V:18098647-18106840,18.49,35.88,0.96,0.0012
K02F2.1,CHROMOSOME_I:6838352-6843342,40.26,78.13,0.96,0.0012
F46F6.2,CHROMOSOME_X:10397182-10406243,7.34,14.23,0.96,0.0038
F31D4.2,CHROMOSOME_V:20838831-20845515,14.09,27.31,0.96,0.0137
F31E3.1,CHROMOSOME_III:6979826-6981733,11.04,21.41,0.95,0.0090
VF11C1L.1,CHROMOSOME_X:12968894-12975573,6.62,12.82,0.95,0.0031
F11A10.1,CHROMOSOME_IV:12079448-12084338,36.55,70.82,0.95,0.0012
ZK353.7,CHROMOSOME_III:8401972-8403538,24.63,47.59,0.95,0.0022
T19A6.1,CHROMOSOME_I:8377595-8392747,15.19,29.34,0.95,0.0031
W10C6.1,CHROMOSOME_II:11112660-11120742,19.58,37.80,0.95,0.0022
Y62E10A.17,CHROMOSOME_IV:13413540-13415930,7.71,14.88,0.95,0.0438
C16A11.10,CHROMOSOME_II:4231385-4234623,2.45,4.72,0.95,0.0408
F02A9.6,CHROMOSOME_III:9092163-9101181,37.85,73.04,0.95,0.0012
F26E4.10,CHROMOSOME_I:9780339-9785713,14.43,27.84,0.95,0.0078
B0393.3,CHROMOSOME_III:4757212-4759696,34.41,66.32,0.95,0.0012
Y47G6A.29,CHROMOSOME_I:3578694-3600680,4.91,9.47,0.95,0.0012
ZK1236.3,CHROMOSOME_III:8416154-8422578,5.22,10.04,0.94,0.0106
F10E9.3,CHROMOSOME_III:8310932-8312515,25.74,49.54,0.94,0.0022
T10G3.5,CHROMOSOME_V:13491053-13497358,10.79,20.75,0.94,0.0022
F59F5.6,CHROMOSOME_X:10549060-10555177,2.91,5.60,0.94,0.0137
M01D7.6,CHROMOSOME_I:1842444-1843971,67.10,129.04,0.94,0.0012
T10F2.4,CHROMOSOME_III:5169875-5172008,52.95,101.81,0.94,0.0012
R166.2,CHROMOSOME_II:10533796-10537613,14.02,26.94,0.94,0.0031
T20B5.3,CHROMOSOME_X:9343197-9347371,6.01,11.55,0.94,0.0031
C55B7.11,CHROMOSOME_I:6507894-6513843,9.46,18.15,0.94,0.0253
R06F6.2,CHROMOSOME_II:10788121-10793434,10.28,19.73,0.94,0.0052
K06A5.7,CHROMOSOME_I:6468130-6471953,40.34,77.41,0.94,0.0022
B0336.3,CHROMOSOME_III:5711502-5714579,33.26,63.80,0.94,0.0022
C25D7.6,CHROMOSOME_V:15053740-15059584,62.87,120.59,0.94,0.0022
F28F8.9,CHROMOSOME_V:15577633-15578499,17.16,32.91,0.94,0.0182
T04H1.4,CHROMOSOME_V:12245574-12252388,19.10,36.63,0.94,0.0065
T04D1.3,CHROMOSOME_I:4675135-4679410,21.82,41.82,0.94,0.0012
Y41C4A.14,CHROMOSOME_III:11746941-11750072,8.24,15.79,0.94,0.0216
ZK1128.5,CHROMOSOME_III:10120688-10122835,12.63,24.20,0.94,0.0031
R12C12.5,CHROMOSOME_II:6044038-6045147,31.66,60.66,0.94,0.0031
F54C8.3,CHROMOSOME_III:9433989-9441376,12.49,23.92,0.94,0.0101
ZC302.2,CHROMOSOME_V:10737095-10741437,26.98,51.70,0.94,0.0022
CC4.3,CHROMOSOME_I:12995795-13004366,15.21,29.14,0.94,0.0052
Y111B2A.11,CHROMOSOME_III:12599528-12608366,21.13,40.47,0.94,0.0012
E02H4.3,CHROMOSOME_X:14284797-14293923,6.26,11.99,0.94,0.0169
T19B4.5,CHROMOSOME_I:5674338-5676241,33.74,64.55,0.94,0.0012
M03C11.8,CHROMOSOME_III:10428236-10435886,16.73,31.98,0.93,0.0012
T21E3.3,CHROMOSOME_I:3935271-3953945,2.72,5.21,0.93,0.0031
K10B2.1,CHROMOSOME_II:6371272-6374502,29.95,57.20,0.93,0.0022
C07H4.2,CHROMOSOME_II:9094617-9098784,17.68,33.76,0.93,0.0022
Y73B6BL.29,CHROMOSOME_IV:6321936-6323551,4.91,9.37,0.93,0.0297
W08D2.5,CHROMOSOME_IV:9817390-9824612,16.33,31.16,0.93,0.0031
C25A1.1,CHROMOSOME_I:10162378-10165125,22.92,43.75,0.93,0.0012
B0414.5,CHROMOSOME_I:5788633-5791755,35.57,67.82,0.93,0.0012
F13B12.6,CHROMOSOME_IV:10414051-10417868,21.96,41.86,0.93,0.0031
EEED8.5,CHROMOSOME_II:5399521-5407617,19.47,37.07,0.93,0.0012
F10G8.3,CHROMOSOME_I:10026177-10030049,35.28,67.19,0.93,0.0012
C18H2.2,CHROMOSOME_III:7678954-7681271,8.73,16.61,0.93,0.0052
C27A12.2,CHROMOSOME_I:6041671-6046178,16.24,30.92,0.93,0.0022
C09H6.1,CHROMOSOME_I:8103595-8109222,10.68,20.33,0.93,0.0046
C04F5.7,CHROMOSOME_V:5107999-5110774,3.79,7.21,0.93,0.0352
T04A8.12,CHROMOSOME_III:4705377-4706915,13.98,26.59,0.93,0.0084
Y71F9AL.18,CHROMOSOME_I:2903597-2924717,20.21,38.43,0.93,0.0038
C01F1.6,CHROMOSOME_II:4282280-4288212,16.74,31.79,0.93,0.0022
Y74C9A.4,CHROMOSOME_I:17482-26781,17.55,33.32,0.92,0.0046
T23G11.5,CHROMOSOME_I:7683334-7694208,17.30,32.82,0.92,0.0274
F54F2.9,CHROMOSOME_III:8818820-8827149,7.47,14.17,0.92,0.0260
ZK809.5,CHROMOSOME_IV:11656706-11659402,20.69,39.25,0.92,0.0012
ZK1251.9,CHROMOSOME_IV:9693184-9706701,14.45,27.39,0.92,0.0012
K12H4.8,CHROMOSOME_III:8071849-8080208,16.21,30.72,0.92,0.0046
Y39A1A.24,CHROMOSOME_III:10613467-10614830,5.01,9.49,0.92,0.0216
ZK507.6,CHROMOSOME_III:9103903-9109195,26.16,49.58,0.92,0.0012
F20D12.2,CHROMOSOME_IV:7948661-7955886,17.99,34.07,0.92,0.0012
ZK858.1,CHROMOSOME_I:9118107-9121754,43.02,81.46,0.92,0.0012
C27C12.4,CHROMOSOME_X:14854061-14856452,14.80,28.02,0.92,0.0137
Y39B6A.43,CHROMOSOME_V:18960937-18967794,4.41,8.34,0.92,0.0190
Y48G1C.11,CHROMOSOME_I:86825-91020,5.85,11.07,0.92,0.0156
Y39A1C.4,CHROMOSOME_III:10849120-10854462,8.99,16.99,0.92,0.0065
D1022.7,CHROMOSOME_II:7472684-7478914,38.68,73.12,0.92,0.0031
F59G1.5,CHROMOSOME_II:5918602-5921594,21.62,40.84,0.92,0.0022
C06A6.2,CHROMOSOME_IV:7846629-7854550,2.85,5.38,0.92,0.0414
B0001.5,CHROMOSOME_IV:12141137-12143309,11.73,22.14,0.92,0.0078
F36A2.13,CHROMOSOME_I:8828036-8838712,24.50,46.22,0.92,0.0038
Y42G9A.4,CHROMOSOME_III:6124109-6136224,18.53,34.96,0.92,0.0012
F58B3.9,CHROMOSOME_IV:11640121-11640992,45.94,86.66,0.92,0.0046
C37H5.8,CHROMOSOME_V:4824123-4826746,111.31,209.90,0.92,0.0059
K01G5.4,CHROMOSOME_III:10742710-10747631,127.98,241.21,0.91,0.0090
Y39B6A.33,CHROMOSOME_V:19001924-19006682,7.35,13.84,0.91,0.0022
B0001.2,CHROMOSOME_IV:12146458-12154220,16.14,30.37,0.91,0.0246
ZC302.1,CHROMOSOME_V:10733908-10736824,22.51,42.36,0.91,0.0012
Y71F9B.3,CHROMOSOME_I:2730003-2731456,207.43,390.23,0.91,0.0012
T23B5.1,CHROMOSOME_IV:12677372-12684357,34.96,65.75,0.91,0.0038
C41D11.4,CHROMOSOME_I:4441646-4444342,11.17,21.01,0.91,0.0201
Y87G2A.6,CHROMOSOME_I:13564555-13572052,9.31,17.50,0.91,0.0031
T05E7.3,CHROMOSOME_I:6188160-6194901,14.32,26.90,0.91,0.0052
F25G6.2,CHROMOSOME_V:8570288-8584510,10.78,20.24,0.91,0.0463
F23B2.13,CHROMOSOME_IV:9146324-9147017,21.02,39.48,0.91,0.0072
C28H8.1,CHROMOSOME_III:5926014-5932908,14.09,26.46,0.91,0.0169
R08C7.3,CHROMOSOME_IV:4445994-4446999,278.69,522.84,0.91,0.0078
R11A8.7,CHROMOSOME_IV:10374883-10387275,32.14,60.30,0.91,0.0065
Y51F10.5,CHROMOSOME_I:1924301-1932262,10.77,20.19,0.91,0.0059
F39B2.1,CHROMOSOME_I:14791026-14793977,34.63,64.92,0.91,0.0052
R06F6.1,CHROMOSOME_II:10785390-10787206,59.04,110.67,0.91,0.0012
C52E12.3,CHROMOSOME_II:7010755-7012650,42.27,79.22,0.91,0.0022
ZK180.3,CHROMOSOME_IV:4508522-4511315,9.55,17.89,0.91,0.0201
W01D2.5,CHROMOSOME_II:14812490-14814816,26.95,50.48,0.91,0.0038
D2096.4,CHROMOSOME_IV:8361073-8363426,34.32,64.26,0.90,0.0038
C50C3.7,CHROMOSOME_III:8159091-8161273,19.46,36.43,0.90,0.0046
Y82E9BR.19,CHROMOSOME_III:1484962-1495322,11.03,20.64,0.90,0.0151
C18A3.2,CHROMOSOME_II:5718109-5720034,22.30,41.72,0.90,0.0084
T20B12.2,CHROMOSOME_III:7383951-7386067,34.23,63.98,0.90,0.0046
F28B3.9,CHROMOSOME_I:4929099-4932148,5.36,10.02,0.90,0.0178
F47A4.2,CHROMOSOME_X:9810172-9822215,3.10,5.79,0.90,0.0090
C08B11.3,CHROMOSOME_II:8022598-8027707,31.28,58.45,0.90,0.0038
C49H3.10,CHROMOSOME_IV:7916686-7924115,28.46,53.17,0.90,0.0038
D1007.5,CHROMOSOME_I:4580692-4583815,16.47,30.76,0.90,0.0022
C05D11.8,CHROMOSOME_III:6422405-6427252,10.45,19.52,0.90,0.0059
Y51H1A.4,CHROMOSOME_II:13875961-13882515,8.40,15.68,0.90,0.0084
ZK520.4,CHROMOSOME_III:13687097-13692487,25.04,46.73,0.90,0.0012
T12C9.7,CHROMOSOME_II:4458258-4460402,8.91,16.62,0.90,0.0194
T28D6.9,CHROMOSOME_III:11343183-11344137,16.14,30.10,0.90,0.0178
F13E9.1,CHROMOSOME_IV:10864307-10873587,15.80,29.44,0.90,0.0160
T24D1.4,CHROMOSOME_I:9960359-9961963,17.12,31.89,0.90,0.0072
K11E4.5,CHROMOSOME_X:13747246-13751709,5.70,10.61,0.90,0.0253
Y45F10A.2,CHROMOSOME_IV:13506054-13521848,117.90,219.49,0.90,0.0428
R05D11.9,CHROMOSOME_I:8593020-8596311,24.30,45.23,0.90,0.0059
C04F6.3,CHROMOSOME_X:3397593-3400007,11.34,21.09,0.90,0.0178
Y47D3A.26,CHROMOSOME_III:11290806-11306046,19.49,36.23,0.89,0.0059
Y45G12B.2,CHROMOSOME_V:2694765-2698863,10.78,20.03,0.89,0.0095
F59A3.4,CHROMOSOME_I:5507118-5509175,31.75,58.98,0.89,0.0038
C25A1.8,CHROMOSOME_I:10184233-10185458,569.10,1057.11,0.89,0.0186
F20H11.2,CHROMOSOME_III:6592513-6601118,17.23,32.01,0.89,0.0052
M01B12.5,CHROMOSOME_I:3085014-3096277,13.61,25.28,0.89,0.0031
R13A1.2,CHROMOSOME_IV:7213201-7217968,13.08,24.27,0.89,0.0012
B0564.11,CHROMOSOME_IV:13105298-13106902,10.13,18.79,0.89,0.0084
Y94H6A.3,CHROMOSOME_IV:2676509-2678835,3.95,7.33,0.89,0.0137
F29F11.6,CHROMOSOME_V:10682400-10686485,45.80,84.84,0.89,0.0046
K09A9.3,CHROMOSOME_X:15600996-15603695,22.85,42.31,0.89,0.0031
Y75B8A.30,CHROMOSOME_III:12335653-12351237,5.49,10.16,0.89,0.0491
F12A10.8,CHROMOSOME_II:5498692-5501392,4.06,7.51,0.89,0.0117
K11D2.3,CHROMOSOME_I:12508438-12513395,8.56,15.85,0.89,0.0078
W02F12.3,CHROMOSOME_V:6703039-6706915,77.86,144.06,0.89,0.0281
F46H5.4,CHROMOSOME_X:7245033-7254747,2.50,4.63,0.89,0.0141
Y110A2AL.14,CHROMOSOME_II:2889107-2894401,17.12,31.66,0.89,0.0095
ZK1058.2,CHROMOSOME_III:3908894-3914118,26.44,48.87,0.89,0.0059
C32D5.3,CHROMOSOME_II:6318053-6321127,23.52,43.47,0.89,0.0065
C18E3.2,CHROMOSOME_I:4210978-4212669,26.84,49.58,0.89,0.0038
F54A3.2,CHROMOSOME_II:2243655-2254374,3.50,6.46,0.88,0.0132
K08B4.1,CHROMOSOME_IV:6095399-6110630,25.40,46.88,0.88,0.0046
F54B11.3,CHROMOSOME_X:13584704-13589757,10.75,19.84,0.88,0.0084
R01B10.5,CHROMOSOME_V:6047988-6051244,17.25,31.84,0.88,0.0052
F18A1.6,CHROMOSOME_II:7658273-7662472,16.28,30.03,0.88,0.0038
B0432.7,CHROMOSOME_II:269389-273966,3.90,7.19,0.88,0.0389
C27D6.4,CHROMOSOME_II:5179027-5187561,24.47,45.12,0.88,0.0031
C09E7.4,CHROMOSOME_III:6534413-6536942,3.42,6.31,0.88,0.0491
B0379.3,CHROMOSOME_I:10080140-10086280,16.11,29.63,0.88,0.0022
C25D7.3,CHROMOSOME_V:15039339-15048192,1.82,3.35,0.88,0.0287
T23H2.1,CHROMOSOME_I:6447310-6456928,41.95,77.13,0.88,0.0052
C33H5.15,CHROMOSOME_IV:7794844-7796292,21.71,39.92,0.88,0.0078
F08B4.6,CHROMOSOME_IV:8688259-8691500,7.20,13.24,0.88,0.0078
ZK682.2,CHROMOSOME_V:9263775-9266476,6.56,12.07,0.88,0.0430
R03A10.4,CHROMOSOME_X:15441661-15443572,15.75,28.95,0.88,0.0404
ZK632.2,CHROMOSOME_III:9799019-9802211,19.05,35.02,0.88,0.0031
C50A2.2,CHROMOSOME_IV:1170705-1177065,5.53,10.16,0.88,0.0156
F54F3.3,CHROMOSOME_V:12919990-12922100,9.03,16.58,0.88,0.0303
C34B4.2,CHROMOSOME_V:13086179-13092547,13.31,24.45,0.88,0.0065
Y55D9A.1,CHROMOSOME_IV:12605672-12614700,31.90,58.58,0.88,0.0012
F56D1.4,CHROMOSOME_II:5466343-5473788,12.59,23.11,0.88,0.0065
F56E10.1,CHROMOSOME_V:104829-105964,7.91,14.52,0.88,0.0370
F42A9.2,CHROMOSOME_IV:8620539-8626131,15.56,28.55,0.88,0.0038
F22D3.2,CHROMOSOME_II:6928718-6947528,23.98,43.99,0.88,0.0059
T07F12.2,CHROMOSOME_X:4890190-4892298,8.21,15.06,0.87,0.0364
M01E11.3,CHROMOSOME_I:5573209-5576750,6.52,11.95,0.87,0.0046
F13H10.3,CHROMOSOME_IV:11012091-11015862,19.13,35.05,0.87,0.0031
F46H5.2,CHROMOSOME_X:7265608-7267840,9.82,17.99,0.87,0.0186
T08A11.2,CHROMOSOME_III:4263620-4269243,21.37,39.13,0.87,0.0038
R10H10.7,CHROMOSOME_IV:10409964-10413909,8.87,16.24,0.87,0.0072
F15E6.1,CHROMOSOME_IV:4307751-4317253,9.68,17.72,0.87,0.0072
M116.5,CHROMOSOME_IV:8414279-8421050,3.29,6.02,0.87,0.0147
F16D3.4,CHROMOSOME_I:8363947-8369911,18.75,34.26,0.87,0.0072
T16G12.6,CHROMOSOME_III:10069471-10075949,16.28,29.75,0.87,0.0012
Y71H2AM.9,CHROMOSOME_III:2690169-2698809,14.59,26.65,0.87,0.0072
Y24D9A.2,CHROMOSOME_IV:4390845-4393449,4.31,7.88,0.87,0.0370
ZK632.5,CHROMOSOME_III:9808456-9812552,9.09,16.60,0.87,0.0078
C27F2.7,CHROMOSOME_III:4980484-4984439,9.63,17.60,0.87,0.0300
C06A5.6,CHROMOSOME_I:5978691-5985873,22.50,41.08,0.87,0.0090
T19B10.8,CHROMOSOME_V:11241884-11244712,23.84,43.53,0.87,0.0031
ZC513.6,CHROMOSOME_V:8029417-8031194,146.16,266.61,0.87,0.0038
Y54G11A.3,CHROMOSOME_II:14276574-14283901,20.65,37.67,0.87,0.0065
C54G10.3,CHROMOSOME_V:14646737-14658159,16.81,30.67,0.87,0.0059
F08G12.2,CHROMOSOME_X:11298014-11299623,19.62,35.78,0.87,0.0106
C34E10.8,CHROMOSOME_III:5249035-5254152,17.43,31.78,0.87,0.0059
Y76B12C.6,CHROMOSOME_IV:1981405-1991720,7.49,13.64,0.87,0.0173
C07G1.3,CHROMOSOME_IV:8176470-8188865,23.76,43.29,0.87,0.0052
F40F11.2,CHROMOSOME_IV:11594301-11601764,14.03,25.56,0.87,0.0031
M03F8.2,CHROMOSOME_V:5943456-5950974,11.67,21.24,0.86,0.0242
ZK856.11,CHROMOSOME_V:10203744-10205057,11.99,21.83,0.86,0.0213
F09E5.1,CHROMOSOME_II:5380007-5387308,22.93,41.74,0.86,0.0059
F45E4.10,CHROMOSOME_IV:7644878-7654282,19.49,35.45,0.86,0.0430
F55D12.5,CHROMOSOME_I:7906807-7918336,15.34,27.89,0.86,0.0209
Y39A3CR.7,CHROMOSOME_III:1849035-1852893,3.64,6.61,0.86,0.0436
Y48G1C.2,CHROMOSOME_I:71857-81071,15.78,28.69,0.86,0.0052
W03F8.5,CHROMOSOME_IV:5173271-5179263,8.43,15.33,0.86,0.0127
F29D11.1,CHROMOSOME_I:7614171-7634139,3.68,6.68,0.86,0.0046
C38D4.6,CHROMOSOME_III:4802968-4808676,47.83,86.89,0.86,0.0123
R13F6.4,CHROMOSOME_III:6820879-6847219,4.16,7.55,0.86,0.0213
C01B10.9,CHROMOSOME_IV:6632210-6634987,14.96,27.16,0.86,0.0072
K11H3.3,CHROMOSOME_III:9851766-9853735,15.64,28.39,0.86,0.0072
T06E6.2,CHROMOSOME_V:15395676-15397331,280.74,509.19,0.86,0.0112
C18E3.9,CHROMOSOME_I:4214294-4215754,15.63,28.34,0.86,0.0059
Y41E3.11,CHROMOSOME_IV:15040042-15049251,23.31,42.25,0.86,0.0274
T01G1.3,CHROMOSOME_IV:11365595-11371772,18.44,33.40,0.86,0.0022
Y11D7A.12,CHROMOSOME_IV:9261788-9264248,29.51,53.44,0.86,0.0084
Y32F6A.3,CHROMOSOME_V:10441955-10446446,23.59,42.69,0.86,0.0022
W04A4.5,CHROMOSOME_I:13663472-13674952,10.43,18.86,0.86,0.0084
T06E4.3,CHROMOSOME_V:9634836-9645478,12.34,22.31,0.85,0.0173
Y59A8B.21,CHROMOSOME_V:17986230-17994236,14.33,25.91,0.85,0.0198
F39G3.3,CHROMOSOME_V:4731768-4733670,7.96,14.39,0.85,0.0395
F10E9.8,CHROMOSOME_III:8314273-8318516,13.58,24.53,0.85,0.0095
F26G1.1,CHROMOSOME_II:4790310-4795663,18.60,33.58,0.85,0.0052
F12F6.5,CHROMOSOME_IV:11570488-11578689,51.84,93.59,0.85,0.0065
R09A1.1,CHROMOSOME_V:1008801-1022912,36.40,65.70,0.85,0.0090
K10B2.5,CHROMOSOME_II:6361129-6365272,39.30,70.90,0.85,0.0031
B0285.1,CHROMOSOME_III:4333368-4340455,18.03,32.51,0.85,0.0090
ZK546.5,CHROMOSOME_II:4935556-4937971,9.11,16.42,0.85,0.0112
C46C2.1,CHROMOSOME_IV:9200099-9212216,23.83,42.95,0.85,0.0106
F01F1.11,CHROMOSOME_III:5869633-5872352,10.21,18.40,0.85,0.0084
Y39E4B.5,CHROMOSOME_III:13169816-13173005,43.91,79.14,0.85,0.0046
T14G8.1,CHROMOSOME_X:12846359-12852531,5.70,10.28,0.85,0.0127
Y46E12BL.3,CHROMOSOME_II:15230285-15232726,33.78,60.81,0.85,0.0132
C27A12.9,CHROMOSOME_I:6061661-6068034,7.32,13.17,0.85,0.0387
C38C10.5,CHROMOSOME_III:9393394-9406557,18.10,32.55,0.85,0.0422
T10B11.8,CHROMOSOME_I:6951133-6954230,8.00,14.38,0.85,0.0422
T22F3.2,CHROMOSOME_V:3586636-3589004,19.74,35.49,0.85,0.0123
Y50E8A.4,CHROMOSOME_V:14731079-14734222,41.83,75.18,0.85,0.0052
Y106G6H.12,CHROMOSOME_I:10464318-10471049,14.01,25.16,0.85,0.0078
T26A5.5,CHROMOSOME_III:6454428-6459958,24.88,44.69,0.84,0.0127
D1009.2,CHROMOSOME_X:8911239-8914199,5.42,9.73,0.84,0.0428
C03D6.4,CHROMOSOME_I:9660165-9665135,25.89,46.45,0.84,0.0072
C56C10.13,CHROMOSOME_II:6594343-6598038,18.52,33.23,0.84,0.0065
Y37E11B.4,CHROMOSOME_IV:3584308-3593610,4.03,7.24,0.84,0.0151
D2089.3,CHROMOSOME_II:10659146-10665031,14.75,26.44,0.84,0.0422
Y57G11C.15,CHROMOSOME_IV:14822499-14825146,289.36,518.54,0.84,0.0147
C26D10.1,CHROMOSOME_II:8322580-8325004,44.77,80.19,0.84,0.0046
Y106G6D.7,CHROMOSOME_I:10122460-10130206,10.77,19.28,0.84,0.0090
Y119C1A.1,CHROMOSOME_I:4641263-4644278,15.10,27.04,0.84,0.0052
T01C3.1,CHROMOSOME_V:14984888-14991007,18.26,32.70,0.84,0.0425
F54E12.2,CHROMOSOME_IV:11333055-11337162,56.67,101.45,0.84,0.0072
F54F2.5,CHROMOSOME_III:8787010-8792257,14.26,25.53,0.84,0.0194
K02G10.8,CHROMOSOME_X:4709837-4711715,26.96,48.27,0.84,0.0234
T22A3.5,CHROMOSOME_I:10598696-10606729,11.87,21.24,0.84,0.0065
F56C9.10,CHROMOSOME_III:7329655-7335064,34.21,61.15,0.84,0.0101
Y6B3A.1,CHROMOSOME_I:13603888-13626214,11.49,20.54,0.84,0.0059
T01G1.1,CHROMOSOME_IV:11341302-11359841,26.10,46.65,0.84,0.0297
T05E8.3,CHROMOSOME_I:5472323-5479441,14.77,26.38,0.84,0.0065
F10E9.5,CHROMOSOME_III:8307520-8308367,15.15,27.06,0.84,0.0246
K04B12.2,CHROMOSOME_II:14434375-14438901,4.95,8.84,0.84,0.0352
ZK863.7,CHROMOSOME_V:12192255-12194426,36.24,64.70,0.84,0.0095
T06D10.2,CHROMOSOME_I:9077558-9080017,23.14,41.31,0.84,0.0072
Y53G8AR.2,CHROMOSOME_III:3322960-3331717,7.03,12.55,0.84,0.0095
Y57G11C.33,CHROMOSOME_IV:14657051-14658138,13.37,23.82,0.83,0.0137
F46E10.9,CHROMOSOME_V:6511529-6515223,33.82,60.27,0.83,0.0078
C01H6.7,CHROMOSOME_I:7224653-7227763,26.57,47.33,0.83,0.0078
C10C5.6,CHROMOSOME_IV:9386190-9394905,20.62,36.69,0.83,0.0052
T26A5.6,CHROMOSOME_III:6448022-6450653,12.19,21.67,0.83,0.0117
C17H12.1,CHROMOSOME_IV:6779850-6784331,34.48,61.32,0.83,0.0052
Y2H9A.1,CHROMOSOME_V:13433039-13437533,16.07,28.58,0.83,0.0078
C05C10.2,CHROMOSOME_II:9922188-9930771,18.70,33.23,0.83,0.0072
R13G10.1,CHROMOSOME_III:3813534-3819661,4.56,8.10,0.83,0.0178
Y71F9AL.1,CHROMOSOME_I:2924933-2928140,4.85,8.63,0.83,0.0198
C30H7.2,CHROMOSOME_I:5416651-5420734,33.18,58.95,0.83,0.0095
F53G2.6,CHROMOSOME_II:2460850-2472867,5.39,9.58,0.83,0.0227
F44C4.4,CHROMOSOME_V:6606417-6611146,26.55,47.14,0.83,0.0095
R06F6.4,CHROMOSOME_II:10793515-10796240,12.14,21.54,0.83,0.0106
Y14H12B.1,CHROMOSOME_II:3934454-3936073,79.13,140.42,0.83,0.0156
H13N06.6,CHROMOSOME_X:15497486-15505305,40.41,71.71,0.83,0.0132
T11F8.3,CHROMOSOME_IV:5469985-5473166,165.10,292.91,0.83,0.0112
C15H9.5,CHROMOSOME_X:6093250-6097536,5.08,9.01,0.83,0.0257
C48B4.9,CHROMOSOME_III:9562245-9563252,26.59,47.09,0.82,0.0194
C08B6.7,CHROMOSOME_V:10130442-10134125,26.65,47.19,0.82,0.0065
F17C11.10,CHROMOSOME_V:10961813-10965520,35.75,63.30,0.82,0.0059
C01F6.4,CHROMOSOME_IV:9104950-9107595,16.48,29.17,0.82,0.0281
F25E5.1,CHROMOSOME_V:7465869-7471190,3.29,5.82,0.82,0.0374
Y102A5A.1,CHROMOSOME_V:16802851-16814541,32.10,56.75,0.82,0.0101
C18D11.3,CHROMOSOME_III:11823347-11824426,48.39,85.53,0.82,0.0101
ZK742.1,CHROMOSOME_V:7805044-7814926,82.43,145.60,0.82,0.0201
Y37E11AL.8,CHROMOSOME_IV:3687805-3694738,7.33,12.94,0.82,0.0137
W06D4.6,CHROMOSOME_I:9065079-9070279,9.96,17.58,0.82,0.0127
F47D12.4,CHROMOSOME_III:6280331-6286180,16.01,28.27,0.82,0.0095
T23G7.4,CHROMOSOME_II:9173095-9177091,19.58,34.56,0.82,0.0084
F21C3.4,CHROMOSOME_I:7280549-7282871,17.34,30.59,0.82,0.0084
R160.7,CHROMOSOME_X:4378004-4383341,4.91,8.67,0.82,0.0238
B0491.1,CHROMOSOME_II:11348365-11351311,18.59,32.78,0.82,0.0422
Y40D12A.1,CHROMOSOME_III:6615360-6619996,9.42,16.61,0.82,0.0160
F39H2.5,CHROMOSOME_I:8660813-8664151,13.25,23.36,0.82,0.0325
Y54E10BL.6,CHROMOSOME_I:3003528-3013450,8.74,15.39,0.82,0.0173
C27C7.1,CHROMOSOME_I:11439276-11440700,41.87,73.73,0.82,0.0141
K04F10.3,CHROMOSOME_I:6358603-6360462,27.55,48.51,0.82,0.0117
F08F3.6,CHROMOSOME_V:5418023-5420023,17.02,29.95,0.82,0.0213
T05H4.11,CHROMOSOME_V:6424232-6425937,38.55,67.83,0.82,0.0112
F59E12.1,CHROMOSOME_II:5654494-5657353,23.83,41.91,0.81,0.0112
K10D2.3,CHROMOSOME_III:5173905-5180471,18.05,31.76,0.81,0.0106
K08E7.3,CHROMOSOME_IV:12567832-12571030,31.79,55.91,0.81,0.0101
Y75B8A.16,CHROMOSOME_III:12218921-12223971,9.44,16.59,0.81,0.0205
F01G4.1,CHROMOSOME_IV:11126002-11131143,41.02,72.09,0.81,0.0090
F54D5.14,CHROMOSOME_II:11578649-11582692,42.37,74.44,0.81,0.0127
R06C1.1,CHROMOSOME_I:11912781-11917710,25.64,45.04,0.81,0.0127
K08B12.5,CHROMOSOME_V:6257383-6267174,20.36,35.76,0.81,0.0078
B0240.4,CHROMOSOME_V:11730973-11733461,55.85,98.08,0.81,0.0090
C28A5.1,CHROMOSOME_III:4429589-4434371,2.77,4.85,0.81,0.0474
C01G10.11,CHROMOSOME_V:15071738-15082462,26.58,46.65,0.81,0.0355
C16C10.3,CHROMOSOME_III:4172310-4176135,99.65,174.88,0.81,0.0173
Y113G7B.5,CHROMOSOME_V:20199223-20200610,13.32,23.37,0.81,0.0242
K01A6.2,CHROMOSOME_IV:11715066-11729258,7.39,12.96,0.81,0.0201
ZK177.6,CHROMOSOME_II:5501615-5503889,52.57,92.13,0.81,0.0095
C26H9A.2,CHROMOSOME_IV:12653465-12674858,2.01,3.52,0.81,0.0186
K03H4.2,CHROMOSOME_V:13152879-13154010,38.88,68.13,0.81,0.0230
F53B3.5,CHROMOSOME_X:2872799-2879611,12.91,22.61,0.81,0.0325
C49A9.10,CHROMOSOME_IV:6205778-6206505,7.51,13.14,0.81,0.0300
Y39E4B.12,CHROMOSOME_III:13187290-13204793,16.13,28.23,0.81,0.0101
F11A10.4,CHROMOSOME_IV:12096756-12105740,20.86,36.51,0.81,0.0101
F10B5.7,CHROMOSOME_II:8162453-8170306,10.16,17.78,0.81,0.0078
Y71F9AM.4,CHROMOSOME_I:2931461-2947154,15.81,27.65,0.81,0.0156
K11G12.6,CHROMOSOME_X:6725741-6729618,8.40,14.67,0.80,0.0347
ZK675.2,CHROMOSOME_II:7900595-7904585,7.77,13.56,0.80,0.0095
Y63D3A.8,CHROMOSOME_I:14114179-14118642,12.46,21.76,0.80,0.0194
K07G5.1,CHROMOSOME_I:7152457-7156784,34.94,61.02,0.80,0.0147
C26E6.4,CHROMOSOME_III:4939527-4944367,33.59,58.64,0.80,0.0052
R107.4,CHROMOSOME_III:9045932-9050617,29.15,50.87,0.80,0.0117
T27A3.7,CHROMOSOME_I:6107816-6109657,15.54,27.12,0.80,0.0112
F46F11.9,CHROMOSOME_I:5610376-5616405,11.62,20.28,0.80,0.0132
B0303.4,CHROMOSOME_III:8689768-8693392,28.81,50.27,0.80,0.0059
B0511.12,CHROMOSOME_I:10654286-10666866,18.34,32.00,0.80,0.0106
F25G6.9,CHROMOSOME_V:8565261-8569998,18.68,32.57,0.80,0.0117
F36H2.1,CHROMOSOME_I:9234163-9245919,26.96,47.00,0.80,0.0101
T03G11.6,CHROMOSOME_X:5174337-5179166,14.10,24.57,0.80,0.0482
H02I12.8,CHROMOSOME_IV:11403936-11406036,41.72,72.70,0.80,0.0127
C26H9A.1,CHROMOSOME_IV:12640423-12650629,20.90,36.41,0.80,0.0127
Y53C12A.10,CHROMOSOME_II:9703752-9704730,12.12,21.10,0.80,0.0312
T07C12.12,CHROMOSOME_V:9926519-9930751,5.61,9.76,0.80,0.0499
C02F5.1,CHROMOSOME_III:8250564-8253872,28.86,50.20,0.80,0.0065
F14B4.3,CHROMOSOME_I:9280953-9286569,19.54,33.99,0.80,0.0112
C29H12.5,CHROMOSOME_II:6110426-6113357,7.39,12.85,0.80,0.0186
C52E12.4,CHROMOSOME_II:7012752-7022467,12.43,21.60,0.80,0.0106
Y105E8A.9,CHROMOSOME_I:14406015-14417916,18.14,31.53,0.80,0.0123
C14A4.3,CHROMOSOME_II:10584284-10587874,23.91,41.52,0.80,0.0127
F32E10.6,CHROMOSOME_IV:7578439-7580258,69.23,120.20,0.80,0.0084
T23D8.1,CHROMOSOME_I:9965577-9969403,48.44,84.11,0.80,0.0117
D2092.5,CHROMOSOME_I:6599985-6607518,32.82,56.97,0.80,0.0127
F43G6.1,CHROMOSOME_II:11778087-11782419,16.95,29.42,0.80,0.0106
F45H11.3,CHROMOSOME_I:10374804-10379617,13.06,22.66,0.80,0.0112
T22A3.8,CHROMOSOME_I:10608454-10621417,2.40,4.17,0.79,0.0277
T05H10.1,CHROMOSOME_II:8042536-8047394,33.09,57.41,0.79,0.0141
K11H3.4,CHROMOSOME_III:9832865-9834524,9.84,17.07,0.79,0.0430
F54D5.5,CHROMOSOME_II:11564378-11566954,18.03,31.27,0.79,0.0367
F26A3.3,CHROMOSOME_I:7650413-7656332,19.05,33.00,0.79,0.0141
Y46G5A.13,CHROMOSOME_II:12768672-12773775,4.48,7.77,0.79,0.0216
Y75B8A.25,CHROMOSOME_III:12273938-12282122,7.19,12.44,0.79,0.0186
Y113G7B.18,CHROMOSOME_V:20250783-20267209,39.90,69.07,0.79,0.0137
Y106G6H.7,CHROMOSOME_I:10446667-10452062,15.52,26.86,0.79,0.0165
F17C11.7,CHROMOSOME_V:10955945-10958804,20.50,35.48,0.79,0.0201
T27E9.5,CHROMOSOME_III:13471606-13475284,14.39,24.87,0.79,0.0173
Y32H12A.2,CHROMOSOME_III:5346093-5349454,13.19,22.81,0.79,0.0132
T23D8.7,CHROMOSOME_I:9989789-9994005,22.56,39.00,0.79,0.0132
D1081.9,CHROMOSOME_I:8485803-8487037,14.22,24.56,0.79,0.0287
C18A3.5,CHROMOSOME_II:5707671-5714804,48.46,83.67,0.79,0.0147
C01G6.5,CHROMOSOME_II:9274993-9280038,40.20,69.39,0.79,0.0165
T15H9.2,CHROMOSOME_II:9615740-9617064,9.13,15.75,0.79,0.0441
F16A11.3,CHROMOSOME_I:9359064-9390086,20.06,34.61,0.79,0.0160
C06G4.1,CHROMOSOME_III:7987063-7990484,14.57,25.12,0.79,0.0112
F48E8.2,CHROMOSOME_III:5464358-5467933,12.47,21.49,0.79,0.0190
F48F7.1,CHROMOSOME_X:13949072-13956187,5.24,9.04,0.78,0.0127
H19N07.2,CHROMOSOME_V:11113895-11119689,41.81,72.02,0.78,0.0352
W08G11.3,CHROMOSOME_V:16367660-16372077,10.10,17.40,0.78,0.0213
Y38F2AR.5,CHROMOSOME_IV:2358930-2376115,9.92,17.08,0.78,0.0444
Y22D7AL.5,CHROMOSOME_III:1619732-1625911,74.04,127.51,0.78,0.0156
T10E9.2,CHROMOSOME_I:6542100-6544966,18.52,31.89,0.78,0.0190
Y41E3.1,CHROMOSOME_IV:14954184-14958889,26.56,45.73,0.78,0.0112
Y80D3A.2,CHROMOSOME_V:18860258-18894947,16.21,27.89,0.78,0.0186
C50C3.8,CHROMOSOME_III:8161383-8163320,71.73,123.41,0.78,0.0095
K04G2.6,CHROMOSOME_I:8040791-8043275,29.50,50.76,0.78,0.0106
T01H3.3,CHROMOSOME_II:7870834-7873843,23.37,40.20,0.78,0.0101
C07F11.1,CHROMOSOME_I:444001-461610,13.08,22.50,0.78,0.0173
F20G4.1,CHROMOSOME_I:7918436-7926332,15.39,26.46,0.78,0.0132
K04G7.3,CHROMOSOME_III:7145753-7153708,28.89,49.64,0.78,0.0123
C42D4.8,CHROMOSOME_IV:7160116-7165702,17.28,29.68,0.78,0.0160
R01H10.1,CHROMOSOME_III:10244957-10248814,12.76,21.91,0.78,0.0169
T10F2.3,CHROMOSOME_III:5165621-5169760,25.40,43.61,0.78,0.0151
T16G12.5,CHROMOSOME_III:10063191-10069089,12.67,21.75,0.78,0.0137
T13F2.3,CHROMOSOME_IV:9791919-9796569,10.72,18.39,0.78,0.0194
ZC518.3,CHROMOSOME_IV:12361545-12371804,86.11,147.72,0.78,0.0395
C04A2.3,CHROMOSOME_II:6835037-6847865,49.93,85.65,0.78,0.0169
D2096.12,CHROMOSOME_IV:8363448-8366366,11.79,20.22,0.78,0.0178
Y54F10BM.1,CHROMOSOME_III:2331565-2342004,11.15,19.12,0.78,0.0205
F02E9.10,CHROMOSOME_I:8426980-8429826,25.78,44.22,0.78,0.0182
F01G4.4,CHROMOSOME_IV:11143321-11145997,16.28,27.92,0.78,0.0165
T28A8.5,CHROMOSOME_III:13501528-13502616,16.11,27.61,0.78,0.0450
W07B3.2,CHROMOSOME_III:344297-348608,11.76,20.16,0.78,0.0173
F33D11.11,CHROMOSOME_I:5868265-5870117,72.29,123.84,0.78,0.0141
K08F8.6,CHROMOSOME_II:8770919-8783584,3.65,6.24,0.78,0.0250
K10B2.3,CHROMOSOME_II:6365705-6366916,144.52,247.29,0.77,0.0201
D2085.6,CHROMOSOME_II:8659082-8661662,8.96,15.33,0.77,0.0344
F01G4.3,CHROMOSOME_IV:11135545-11142320,13.88,23.74,0.77,0.0165
T21E12.4,CHROMOSOME_I:4386787-4404586,43.13,73.78,0.77,0.0358
T21C9.12,CHROMOSOME_V:10599083-10602126,33.32,56.98,0.77,0.0127
Y57G11C.13,CHROMOSOME_IV:14798107-14799278,64.07,109.58,0.77,0.0169
Y43H11AL.2,CHROMOSOME_II:233132-237821,28.60,48.90,0.77,0.0169
F26F4.4,CHROMOSOME_III:4900036-4903850,29.92,51.15,0.77,0.0312
T18H9.6,CHROMOSOME_V:9209436-9212322,20.91,35.73,0.77,0.0205
ZK856.13,CHROMOSOME_V:10206592-10210319,21.64,36.99,0.77,0.0190
Y39A1A.5,CHROMOSOME_III:10605249-10613070,18.35,31.36,0.77,0.0198
C34G6.1,CHROMOSOME_I:5906664-5917784,19.54,33.39,0.77,0.0178
F43G9.12,CHROMOSOME_I:8640502-8644393,12.45,21.28,0.77,0.0160
C16C2.3,CHROMOSOME_I:9715312-9728099,19.10,32.64,0.77,0.0281
K04F10.7,CHROMOSOME_I:6366362-6368081,16.56,28.28,0.77,0.0141
R07G3.3,CHROMOSOME_II:7599608-7607966,38.14,65.12,0.77,0.0165
F02E9.4,CHROMOSOME_I:8416825-8426078,24.51,41.84,0.77,0.0389
F11A10.8,CHROMOSOME_IV:12092297-12093450,46.37,79.16,0.77,0.0160
F21H12.5,CHROMOSOME_II:6088638-6091452,6.96,11.89,0.77,0.0389
Y47G6A.25,CHROMOSOME_I:3606412-3608348,13.76,23.48,0.77,0.0274
F52E1.1,CHROMOSOME_V:8414064-8415235,464.92,793.29,0.77,0.0290
C36B1.9,CHROMOSOME_I:8743842-8746919,10.38,17.70,0.77,0.0355
Y37E11C.1,CHROMOSOME_IV:3516817-3526598,3.78,6.44,0.77,0.0297
ZK899.8,CHROMOSOME_X:9472409-9516378,6.20,10.57,0.77,0.0316
F43D9.2,CHROMOSOME_III:10500185-10503753,19.59,33.37,0.77,0.0284
F54E7.1,CHROMOSOME_III:5680452-5682281,14.81,25.20,0.77,0.0316
F49D11.1,CHROMOSOME_I:10936813-10940514,21.83,37.15,0.77,0.0178
T13F2.6,CHROMOSOME_IV:9778267-9784666,42.47,72.25,0.77,0.0182
C01G8.1,CHROMOSOME_I:5272848-5274325,73.84,125.55,0.77,0.0173
C15H11.7,CHROMOSOME_V:14421439-14422605,114.31,194.35,0.77,0.0123
W09G10.4,CHROMOSOME_II:3532528-3546436,6.46,10.98,0.77,0.0205
R06F6.8,CHROMOSOME_II:10812887-10819919,15.92,27.04,0.76,0.0123
R119.6,CHROMOSOME_I:382835-394418,6.42,10.90,0.76,0.0436
Y37D8A.13,CHROMOSOME_III:12880939-12891637,23.23,39.46,0.76,0.0156
K10C3.2,CHROMOSOME_I:9847397-9851784,112.13,190.42,0.76,0.0201
T09E8.1,CHROMOSOME_V:13155284-13176077,49.64,84.29,0.76,0.0213
Y39A3CL.7,CHROMOSOME_III:1824907-1834136,14.16,24.05,0.76,0.0209
B0304.4,CHROMOSOME_II:4522458-4523219,19.98,33.92,0.76,0.0370
Y69A2AR.16,CHROMOSOME_IV:2504325-2530298,18.06,30.66,0.76,0.0220
F35G12.8,CHROMOSOME_III:4587473-4593091,34.93,59.26,0.76,0.0220
C34E10.3,CHROMOSOME_III:5254430-5258883,8.60,14.58,0.76,0.0216
Y43H11AL.3,CHROMOSOME_II:240716-255182,19.53,33.12,0.76,0.0190
C47D12.2,CHROMOSOME_II:11676241-11680971,41.25,69.92,0.76,0.0165
F33H1.4,CHROMOSOME_II:10174588-10180128,27.78,47.03,0.76,0.0246
R13A5.1,CHROMOSOME_III:7584113-7593272,30.62,51.84,0.76,0.0178
F55G1.8,CHROMOSOME_IV:7470847-7473329,85.17,144.15,0.76,0.0220
T07A5.2,CHROMOSOME_III:10314501-10318070,41.23,69.77,0.76,0.0194
R10E11.1,CHROMOSOME_III:9766429-9774721,23.79,40.25,0.76,0.0165
R08C7.10,CHROMOSOME_IV:4442390-4445834,29.78,50.37,0.76,0.0169
H15N14.2,CHROMOSOME_I:7766530-7772226,21.25,35.95,0.76,0.0213
Y87G2A.13,CHROMOSOME_I:13598606-13603384,15.75,26.63,0.76,0.0173
C01G8.9,CHROMOSOME_I:5301520-5310729,24.55,41.49,0.76,0.0169
B0261.2,CHROMOSOME_I:5245742-5263429,17.29,29.21,0.76,0.0257
Y119C1B.8,CHROMOSOME_I:4526378-4534801,17.11,28.89,0.76,0.0190
ZK632.1,CHROMOSOME_III:9794280-9798558,87.85,148.32,0.76,0.0141
Y53H1A.2,CHROMOSOME_I:11222357-11224156,15.63,26.38,0.76,0.0344
F44B9.7,CHROMOSOME_III:8022397-8027977,22.95,38.73,0.76,0.0452
H20J04.8,CHROMOSOME_II:4324361-4326156,27.28,46.03,0.76,0.0156
T11G6.5,CHROMOSOME_IV:10835806-10842741,13.80,23.28,0.75,0.0132
F44B9.4,CHROMOSOME_III:8004331-8009758,13.72,23.16,0.75,0.0496
Y46G5A.17,CHROMOSOME_II:12786251-12796389,54.37,91.73,0.75,0.0246
T20F7.6,CHROMOSOME_X:16865994-16868960,19.34,32.63,0.75,0.0329
Y18H1A.6,CHROMOSOME_I:720013-736555,7.08,11.94,0.75,0.0455
F25B4.5,CHROMOSOME_V:5678581-5682617,26.94,45.43,0.75,0.0141
T20D3.8,CHROMOSOME_IV:9341944-9343135,30.25,51.01,0.75,0.0213
ZC308.4,CHROMOSOME_I:6368272-6369600,35.35,59.60,0.75,0.0194
F59A6.5,CHROMOSOME_II:4999517-5003802,32.59,54.93,0.75,0.0165
Y43F4B.7,CHROMOSOME_III:13307396-13313292,14.23,23.98,0.75,0.0287
K07B1.3,CHROMOSOME_V:9334746-9336631,9.82,16.55,0.75,0.0417
PAR2.4,CHROMOSOME_III:8763209-8767261,29.08,48.98,0.75,0.0201
Y67D2.2,CHROMOSOME_III:1558791-1570109,11.34,19.10,0.75,0.0306
Y55F3AM.12,CHROMOSOME_IV:1052510-1054796,22.34,37.62,0.75,0.0201
F37A4.8,CHROMOSOME_III:6675747-6710002,34.44,57.99,0.75,0.0186
R07E5.8,CHROMOSOME_III:4419819-4423344,13.76,23.15,0.75,0.0224
F31E3.4,CHROMOSOME_III:6963566-6968059,15.37,25.86,0.75,0.0194
F20G4.3,CHROMOSOME_I:7926617-7934572,82.16,138.22,0.75,0.0472
T12E12.4,CHROMOSOME_IV:5538480-5541356,45.41,76.39,0.75,0.0151
K09H11.3,CHROMOSOME_V:5717866-5722071,23.13,38.90,0.75,0.0205
T05H10.4,CHROMOSOME_II:8053082-8054913,18.53,31.16,0.75,0.0419
Y54F10AM.10,CHROMOSOME_III:2512637-2528618,8.80,14.80,0.75,0.0213
Y18H1A.3,CHROMOSOME_I:700276-715853,11.64,19.57,0.75,0.0227
K12D12.2,CHROMOSOME_II:11865459-11874651,31.81,53.49,0.75,0.0253
C09E7.7,CHROMOSOME_III:6546670-6551225,5.46,9.19,0.75,0.0374
W09D10.4,CHROMOSOME_III:10711731-10716092,21.09,35.45,0.75,0.0178
C32D5.10,CHROMOSOME_II:6349174-6351955,18.03,30.30,0.75,0.0213
T26A8.1,CHROMOSOME_IV:8433024-8437989,22.29,37.46,0.75,0.0169
R05D11.8,CHROMOSOME_I:8602115-8605157,39.74,66.74,0.75,0.0178
T05G5.8,CHROMOSOME_III:9753586-9757431,16.63,27.92,0.75,0.0194
C30A5.3,CHROMOSOME_III:8225023-8226318,73.85,123.98,0.75,0.0190
C28D4.3,CHROMOSOME_IV:9738490-9740882,207.05,347.43,0.75,0.0287
C09H6.3,CHROMOSOME_I:8125793-8130081,18.25,30.62,0.75,0.0165
Y111B2A.20,CHROMOSOME_III:12711412-12713776,23.98,40.21,0.75,0.0216
T05H4.1,CHROMOSOME_V:6450880-6452214,20.47,34.32,0.75,0.0303
R05D3.12,CHROMOSOME_III:8380870-8387427,9.54,16.00,0.75,0.0224
Y37H2A.1,CHROMOSOME_V:18108241-18114729,19.40,32.50,0.74,0.0319
C36A4.8,CHROMOSOME_III:3853086-3862940,9.67,16.20,0.74,0.0370
F53H1.4,CHROMOSOME_IV:1310163-1328239,11.97,20.05,0.74,0.0216
ZC518.2,CHROMOSOME_IV:12349921-12360770,23.37,39.16,0.74,0.0367
T23G5.2,CHROMOSOME_III:9231313-9236244,44.34,74.29,0.74,0.0452
Y45G5AL.1,CHROMOSOME_V:4144490-4152257,33.48,56.08,0.74,0.0341
F10D11.2,CHROMOSOME_I:8435955-8438632,24.77,41.49,0.74,0.0216
Y54E5A.4,CHROMOSOME_I:14701106-14706515,21.48,35.98,0.74,0.0253
R09F10.8,CHROMOSOME_X:8325052-8326400,34.97,58.56,0.74,0.0364
C38D4.5,CHROMOSOME_III:4796803-4802875,15.82,26.49,0.74,0.0230
F10G7.2,CHROMOSOME_II:4706809-4710166,77.71,130.05,0.74,0.0267
C31H1.8,CHROMOSOME_IV:5811570-5814129,35.61,59.60,0.74,0.0201
T12F5.4,CHROMOSOME_I:3713519-3721160,8.06,13.49,0.74,0.0312
M7.5,CHROMOSOME_IV:11078656-11081041,21.06,35.22,0.74,0.0216
ZK686.4,CHROMOSOME_III:7769102-7770084,30.84,51.57,0.74,0.0364
F21D5.1,CHROMOSOME_IV:8725706-8728048,56.43,94.35,0.74,0.0234
Y71F9AL.16,CHROMOSOME_I:2883497-2893720,25.40,42.46,0.74,0.0220
F59A3.2,CHROMOSOME_I:5512050-5514560,10.29,17.19,0.74,0.0325
T12F5.5,CHROMOSOME_I:3732984-3740482,46.62,77.92,0.74,0.0227
Y53H1C.2,CHROMOSOME_I:11400602-11416411,9.65,16.13,0.74,0.0294
C47E12.5,CHROMOSOME_IV:9983268-9995013,114.87,191.86,0.74,0.0389
T10B5.5,CHROMOSOME_V:1872242-1875526,83.76,139.87,0.74,0.0224
F49C12.9,CHROMOSOME_IV:9314792-9316183,26.95,44.98,0.74,0.0303
D1069.3,CHROMOSOME_II:340538-347865,8.53,14.24,0.74,0.0389
B0205.1,CHROMOSOME_I:10713438-10718190,16.03,26.75,0.74,0.0264
Y38A8.3,CHROMOSOME_II:4955637-4959869,13.09,21.83,0.74,0.0227
C27B7.4,CHROMOSOME_IV:8894067-8901372,14.53,24.23,0.74,0.0224
Y43F8C.12,CHROMOSOME_V:19674812-19693014,14.03,23.38,0.74,0.0230
T03F1.8,CHROMOSOME_I:3859380-3862732,17.91,29.86,0.74,0.0297
B0393.2,CHROMOSOME_III:4754396-4756984,44.22,73.69,0.74,0.0224
F25H2.8,CHROMOSOME_I:10562956-10564903,80.50,134.12,0.74,0.0227
B0336.1,CHROMOSOME_III:5722803-5727068,27.13,45.19,0.74,0.0151
Y44F5A.1,CHROMOSOME_III:4244829-4247644,10.56,17.59,0.74,0.0450
C01H6.9,CHROMOSOME_I:7227861-7233118,7.04,11.72,0.74,0.0344
C37A2.2,CHROMOSOME_I:6791025-6797471,30.97,51.57,0.74,0.0230
T09B4.1,CHROMOSOME_I:6185461-6188152,58.94,98.15,0.74,0.0220
F36H9.3,CHROMOSOME_V:1765318-1771727,27.58,45.92,0.74,0.0209
C23G10.7,CHROMOSOME_III:6195932-6198364,35.45,59.01,0.74,0.0173
C13F10.6,CHROMOSOME_V:7219103-7221023,27.89,46.43,0.74,0.0209
F56F11.4,CHROMOSOME_III:2855545-2865378,27.89,46.38,0.73,0.0306
F33H2.2,CHROMOSOME_I:15023128-15030543,18.13,30.14,0.73,0.0329
F46B6.8,CHROMOSOME_V:9791546-9793367,24.80,41.24,0.73,0.0274
ZK637.7,CHROMOSOME_III:8900156-8904053,20.63,34.29,0.73,0.0264
Y92H12A.5,CHROMOSOME_I:1491341-1514411,15.64,26.01,0.73,0.0227
Y55F3AM.3,CHROMOSOME_IV:1012651-1019558,20.34,33.80,0.73,0.0350
C01G6.8,CHROMOSOME_II:9295876-9310242,15.12,25.12,0.73,0.0271
F35H8.3,CHROMOSOME_II:9557586-9559455,27.37,45.48,0.73,0.0260
R08D7.1,CHROMOSOME_III:8965966-8967650,17.57,29.18,0.73,0.0319
T04A8.16,CHROMOSOME_III:4700289-4704019,8.24,13.68,0.73,0.0312
H37N21.1,CHROMOSOME_I:7140276-7147229,26.14,43.40,0.73,0.0253
Y67H2A.1,CHROMOSOME_IV:13273872-13282856,18.11,30.06,0.73,0.0224
F54D10.5,CHROMOSOME_II:3807097-3808225,17.68,29.33,0.73,0.0430
F35B12.5,CHROMOSOME_V:11610689-11613036,20.83,34.55,0.73,0.0216
C30C11.2,CHROMOSOME_III:8447276-8449265,116.92,193.87,0.73,0.0271
F16D3.2,CHROMOSOME_I:8358247-8363854,26.12,43.31,0.73,0.0169
C26E6.12,CHROMOSOME_III:4930563-4932153,12.06,19.98,0.73,0.0325
D1043.1,CHROMOSOME_II:11582782-11591961,29.60,49.04,0.73,0.0246
ZK1320.12,CHROMOSOME_II:9669264-9671440,20.29,33.62,0.73,0.0238
C06A5.7,CHROMOSOME_I:5992671-6001101,15.78,26.13,0.73,0.0267
F26A3.8,CHROMOSOME_I:7643425-7649773,10.41,17.23,0.73,0.0230
R05F9.9,CHROMOSOME_II:4899853-4902094,17.56,29.03,0.73,0.0361
M106.1,CHROMOSOME_II:10824235-10843565,16.46,27.21,0.73,0.0460
Y40B1B.8,CHROMOSOME_I:13428899-13434593,11.28,18.65,0.73,0.0401
B0205.9,CHROMOSOME_I:10720814-10723580,16.50,27.25,0.72,0.0281
F25H8.2,CHROMOSOME_IV:9932213-9933858,13.61,22.49,0.72,0.0322
F36F2.6,CHROMOSOME_I:9004555-9008701,25.60,42.28,0.72,0.0260
F54D5.9,CHROMOSOME_II:11542577-11544767,36.17,59.74,0.72,0.0234
F37E3.1,CHROMOSOME_I:6422010-6428944,22.63,37.37,0.72,0.0242
T17E9.1,CHROMOSOME_III:6118579-6124015,35.47,58.52,0.72,0.0220
R06C7.7,CHROMOSOME_I:7248825-7251280,17.13,28.26,0.72,0.0281
T19E7.2,CHROMOSOME_IV:5651073-5660514,46.88,77.30,0.72,0.0294
C46A5.9,CHROMOSOME_IV:7770755-7774258,50.92,83.95,0.72,0.0198
ZK484.4,CHROMOSOME_I:6070680-6078849,27.47,45.28,0.72,0.0227
D2096.8,CHROMOSOME_IV:8377691-8379308,270.55,445.87,0.72,0.0491
B0285.5,CHROMOSOME_III:4345308-4350051,16.82,27.71,0.72,0.0281
F54C1.3,CHROMOSOME_I:4996839-5002351,15.03,24.76,0.72,0.0267
T04A8.14,CHROMOSOME_III:4715255-4720635,40.84,67.28,0.72,0.0322
F56A3.1,CHROMOSOME_I:5190150-5195249,6.17,10.15,0.72,0.0370
E02H1.4,CHROMOSOME_II:9592976-9595069,29.97,49.35,0.72,0.0264
F57C7.3,CHROMOSOME_X:10589717-10593274,16.60,27.32,0.72,0.0450
R01H10.8,CHROMOSOME_III:10271165-10278488,8.83,14.53,0.72,0.0367
C08B11.5,CHROMOSOME_II:8034292-8035717,24.20,39.80,0.72,0.0350
F27C8.6,CHROMOSOME_IV:9587080-9588817,160.07,263.22,0.72,0.0294
C37E2.1,CHROMOSOME_X:14170792-14173994,21.73,35.73,0.72,0.0322
ZC262.3,CHROMOSOME_III:8326507-8330878,26.39,43.37,0.72,0.0224
T14B4.1,CHROMOSOME_II:6736861-6741476,11.99,19.70,0.72,0.0290
K08E3.6,CHROMOSOME_III:13768439-13771141,47.71,78.38,0.72,0.0281
Y66D12A.19,CHROMOSOME_III:11509026-11511724,7.47,12.26,0.72,0.0441
F57A8.2,CHROMOSOME_V:10049261-10054891,16.41,26.96,0.72,0.0322
B0041.7,CHROMOSOME_I:4665744-4671739,18.00,29.57,0.72,0.0267
W07A8.3,CHROMOSOME_V:20729916-20744309,14.67,24.06,0.71,0.0355
ZK688.8,CHROMOSOME_III:7914241-7917704,22.01,36.09,0.71,0.0260
T14G8.3,CHROMOSOME_X:12861166-12869956,10.13,16.61,0.71,0.0316
Y48G1C.8,CHROMOSOME_I:101212-108161,10.11,16.58,0.71,0.0332
F28D1.10,CHROMOSOME_IV:12404406-12408665,23.49,38.51,0.71,0.0260
F18C5.3,CHROMOSOME_II:6546690-6554834,13.99,22.93,0.71,0.0253
K02B12.5,CHROMOSOME_I:8513912-8526617,9.15,15.00,0.71,0.0338
C16A3.8,CHROMOSOME_III:6367988-6374039,23.19,38.00,0.71,0.0194
W06B4.1,CHROMOSOME_II:4471400-4473745,35.72,58.49,0.71,0.0271
Y39F10B.1,CHROMOSOME_II:723794-732428,17.26,28.26,0.71,0.0322
Y53F4B.39,CHROMOSOME_II:15110067-15116243,9.76,15.98,0.71,0.0306
W06B4.3,CHROMOSOME_II:4461130-4467895,8.16,13.35,0.71,0.0384
F18E2.3,CHROMOSOME_V:12763927-12767921,35.04,57.33,0.71,0.0284
C48B4.4,CHROMOSOME_III:9568663-9579788,25.12,41.11,0.71,0.0338
C34C6.2,CHROMOSOME_II:8680146-8684847,13.36,21.85,0.71,0.0392
F31C3.3,CHROMOSOME_I:15041420-15050691,13.53,22.14,0.71,0.0319
ZK688.5,CHROMOSOME_III:7885019-7891550,22.78,37.26,0.71,0.0246
F26B1.3,CHROMOSOME_I:6315232-6317269,199.74,326.72,0.71,0.0309
F25B3.6,CHROMOSOME_V:9580016-9582620,29.57,48.37,0.71,0.0260
F59E12.9,CHROMOSOME_II:5640042-5647024,13.06,21.37,0.71,0.0300
C34B2.10,CHROMOSOME_I:10682459-10683139,49.40,80.80,0.71,0.0325
C15C8.4,CHROMOSOME_V:12745182-12747447,19.70,32.18,0.71,0.0344
C56E6.3,CHROMOSOME_II:6516326-6519813,18.39,30.04,0.71,0.0364
F34D10.2,CHROMOSOME_III:3729626-3735024,23.42,38.25,0.71,0.0297
D2085.3,CHROMOSOME_II:8661818-8664672,10.47,17.09,0.71,0.0338
R02D3.2,CHROMOSOME_IV:240551-244129,12.82,20.94,0.71,0.0370
Y43F11A.5,CHROMOSOME_II:12114901-12130904,9.65,15.74,0.71,0.0344
Y81G3A.3,CHROMOSOME_II:13083948-13091430,9.71,15.84,0.71,0.0374
F40F12.5,CHROMOSOME_III:9898513-9910569,29.78,48.57,0.71,0.0284
C26C6.5,CHROMOSOME_I:7537723-7542153,26.09,42.54,0.71,0.0267
Y77E11A.7,CHROMOSOME_IV:1410753-1419846,14.44,23.55,0.71,0.0300
F09G2.8,CHROMOSOME_V:7184890-7193645,28.58,46.58,0.70,0.0341
R06A4.4,CHROMOSOME_II:14365628-14373374,43.79,71.37,0.70,0.0316
K06H7.4,CHROMOSOME_III:8085637-8088382,26.96,43.93,0.70,0.0284
F55A3.1,CHROMOSOME_I:10799611-10806890,21.36,34.79,0.70,0.0267
F22B5.7,CHROMOSOME_II:8457766-8464514,31.80,51.77,0.70,0.0335
C14A4.4,CHROMOSOME_II:10587982-10592594,30.47,49.61,0.70,0.0271
F25H2.13,CHROMOSOME_I:10571942-10577127,13.52,22.01,0.70,0.0306
Y57A10A.13,CHROMOSOME_II:12176815-12184808,23.12,37.63,0.70,0.0287
C07G1.5,CHROMOSOME_IV:8201364-8206034,37.21,60.52,0.70,0.0246
T24C4.7,CHROMOSOME_III:889943-895623,11.30,18.37,0.70,0.0322
F28C6.6,CHROMOSOME_II:8603794-8606693,27.26,44.32,0.70,0.0274
Y41D4B.13,CHROMOSOME_IV:1597314-1601620,32.36,52.61,0.70,0.0408
F26F12.7,CHROMOSOME_V:5826815-5832844,36.31,59.01,0.70,0.0300
F43G6.9,CHROMOSOME_II:11774600-11777882,56.34,91.51,0.70,0.0319
T22C1.3,CHROMOSOME_I:7938554-7940752,33.93,55.11,0.70,0.0474
C01G8.5,CHROMOSOME_I:5284059-5291608,66.29,107.63,0.70,0.0352
F14E5.2,CHROMOSOME_II:8423899-8429012,41.64,67.57,0.70,0.0350
F35G12.4,CHROMOSOME_III:4578822-4581664,23.70,38.45,0.70,0.0271
T23B12.4,CHROMOSOME_V:8462305-8465549,23.49,38.08,0.70,0.0294
F55A11.7,CHROMOSOME_V:11783359-11787424,17.20,27.88,0.70,0.0428
F14B4.2,CHROMOSOME_I:9271435-9278681,65.28,105.73,0.70,0.0329
F36D4.5,CHROMOSOME_V:9417006-9425738,51.39,83.20,0.70,0.0294
C06C3.1,CHROMOSOME_II:9358471-9369040,32.88,53.22,0.70,0.0300
R11A8.2,CHROMOSOME_IV:10358063-10360199,26.31,42.58,0.69,0.0347
F10F2.1,CHROMOSOME_III:4596108-4612303,18.31,29.62,0.69,0.0364
D1046.2,CHROMOSOME_IV:8924146-8926099,16.39,26.53,0.69,0.0419
B0205.7,CHROMOSOME_I:10734010-10736596,81.20,131.38,0.69,0.0335
C14C10.5,CHROMOSOME_V:12600267-12607287,41.69,67.43,0.69,0.0463
K07C11.2,CHROMOSOME_V:8221389-8223567,108.68,175.74,0.69,0.0312
F56D12.6,CHROMOSOME_II:1310541-1320445,18.29,29.58,0.69,0.0341
R17.2,CHROMOSOME_III:10839912-10844836,11.78,19.04,0.69,0.0448
H05C05.2,CHROMOSOME_III:2962161-2965628,11.69,18.90,0.69,0.0335
ZC404.9,CHROMOSOME_V:6788436-6792648,17.19,27.77,0.69,0.0352
C33H5.14,CHROMOSOME_IV:7792336-7794797,19.20,31.02,0.69,0.0358
F37C12.7,CHROMOSOME_III:7167775-7170930,93.87,151.65,0.69,0.0469
H21P03.2,CHROMOSOME_IV:11480664-11482602,24.77,40.00,0.69,0.0367
F30A10.3,CHROMOSOME_I:9492621-9494581,42.19,68.12,0.69,0.0300
F32H2.3,CHROMOSOME_I:8966287-8970121,42.19,68.13,0.69,0.0355
F36A4.7,CHROMOSOME_IV:4248060-4258166,28.53,46.07,0.69,0.0335
Y50D4A.1,CHROMOSOME_V:1207889-1219868,10.94,17.67,0.69,0.0398
D1014.8,CHROMOSOME_V:8123663-8129332,18.12,29.25,0.69,0.0436
Y54E10A.12,CHROMOSOME_I:3193438-3198842,12.75,20.58,0.69,0.0411
F49E12.1,CHROMOSOME_II:8399791-8404799,59.98,96.79,0.69,0.0380
K07H8.2,CHROMOSOME_IV:8291525-8294583,57.55,92.87,0.69,0.0355
ZK546.1,CHROMOSOME_II:4949893-4953482,32.85,53.00,0.69,0.0392
F15D4.1,CHROMOSOME_II:13200092-13215640,10.41,16.79,0.69,0.0364
Y116A8C.36,CHROMOSOME_IV:17119645-17126230,28.00,45.17,0.69,0.0358
T12G3.6,CHROMOSOME_IV:12030025-12031249,64.06,103.30,0.69,0.0370
K04D7.5,CHROMOSOME_IV:10197797-10202987,16.54,26.67,0.69,0.0284
C10C6.1,CHROMOSOME_IV:11425719-11447043,43.90,70.79,0.69,0.0361
C50D2.5,CHROMOSOME_II:98150-98962,21.50,34.66,0.69,0.0350
ZC155.7,CHROMOSOME_III:5207520-5209164,19.89,32.03,0.69,0.0444
Y47G6A.11,CHROMOSOME_I:3449328-3462173,26.97,43.42,0.69,0.0358
F56D1.7,CHROMOSOME_II:5456287-5458599,69.97,112.64,0.69,0.0425
Y52B11A.3,CHROMOSOME_I:10970485-11004276,9.33,15.01,0.69,0.0477
B0414.7,CHROMOSOME_I:5795406-5801302,16.47,26.49,0.69,0.0290
F54E7.3,CHROMOSOME_III:5664189-5676687,32.55,52.33,0.69,0.0319
T19A5.1,CHROMOSOME_V:8957020-8964077,22.50,36.14,0.68,0.0344
C05C8.4,CHROMOSOME_V:7226356-7230830,13.55,21.76,0.68,0.0414
F29G9.2,CHROMOSOME_V:6018974-6034797,41.83,67.15,0.68,0.0428
C41C4.6,CHROMOSOME_II:8129907-8133210,84.02,134.81,0.68,0.0352
W09C5.2,CHROMOSOME_I:13629213-13633485,37.82,60.67,0.68,0.0367
Y71G12B.15,CHROMOSOME_I:1698095-1701132,36.36,58.26,0.68,0.0358
F58G11.6,CHROMOSOME_V:13678863-13681531,22.06,35.35,0.68,0.0452
C13F10.4,CHROMOSOME_V:7205602-7214885,14.03,22.48,0.68,0.0361
Y57A10A.31,CHROMOSOME_II:12289340-12300009,30.09,48.18,0.68,0.0380
Y50D4C.4,CHROMOSOME_V:951587-964801,10.87,17.40,0.68,0.0480
R02D3.7,CHROMOSOME_IV:253567-255429,28.22,45.17,0.68,0.0364
F12F6.6,CHROMOSOME_IV:11561966-11566168,29.37,47.01,0.68,0.0450
C35A5.8,CHROMOSOME_V:10521965-10525884,54.32,86.92,0.68,0.0367
Y54G11A.2,CHROMOSOME_II:14252279-14255564,22.00,35.21,0.68,0.0401
T05C12.6,CHROMOSOME_II:8182268-8184971,26.52,42.43,0.68,0.0347
C24A11.8,CHROMOSOME_I:5402897-5408462,29.45,47.09,0.68,0.0367
Y54G2A.31,CHROMOSOME_IV:2922592-2925689,40.52,64.78,0.68,0.0367
C30B5.1,CHROMOSOME_II:6198699-6208187,32.13,51.30,0.68,0.0355
F35G2.1,CHROMOSOME_IV:12200955-12207908,72.85,116.31,0.67,0.0374
C43E11.8,CHROMOSOME_I:4242819-4247581,20.29,32.39,0.67,0.0408
Y106G6E.6,CHROMOSOME_I:10227746-10231206,41.06,65.54,0.67,0.0364
F58E10.1,CHROMOSOME_V:13987155-14006064,22.56,36.01,0.67,0.0450
H27M09.1,CHROMOSOME_I:6851370-6854135,17.12,27.32,0.67,0.0444
F56C9.1,CHROMOSOME_III:7336520-7338697,99.83,159.23,0.67,0.0377
Y24D9A.1,CHROMOSOME_IV:4408598-4415615,15.66,24.97,0.67,0.0436
F28B12.3,CHROMOSOME_II:5921941-5924816,39.93,63.66,0.67,0.0338
H06I04.3,CHROMOSOME_III:3070512-3085263,27.80,44.27,0.67,0.0395
F57B10.4,CHROMOSOME_I:6566173-6568906,25.69,40.88,0.67,0.0417
Y41E3.7,CHROMOSOME_IV:15014009-15025485,30.35,48.25,0.67,0.0496
F55H2.6,CHROMOSOME_III:9516564-9521378,33.97,53.98,0.67,0.0452
C01F6.1,CHROMOSOME_IV:9096824-9101570,25.93,41.20,0.67,0.0430
F45E12.3,CHROMOSOME_II:7302059-7305717,21.36,33.92,0.67,0.0395
Y18D10A.5,CHROMOSOME_I:12819203-12824795,45.57,72.30,0.67,0.0494
C18E9.3,CHROMOSOME_II:8966858-8969411,25.16,39.91,0.67,0.0458
T05E11.5,CHROMOSOME_IV:11116551-11118866,61.83,97.93,0.66,0.0444
Y37E3.10,CHROMOSOME_I:2072679-2076909,44.96,71.20,0.66,0.0322
T09E8.2,CHROMOSOME_V:13176694-13180173,35.15,55.62,0.66,0.0436
D1081.7,CHROMOSOME_I:8487606-8490932,73.28,115.91,0.66,0.0463
C10G11.7,CHROMOSOME_I:6284972-6289342,78.22,123.65,0.66,0.0485
C38D4.3,CHROMOSOME_III:4786042-4792358,31.65,50.01,0.66,0.0444
C29E4.3,CHROMOSOME_III:7933322-7937643,29.46,46.53,0.66,0.0422
F58G11.3,CHROMOSOME_V:13669334-13671936,32.53,51.36,0.66,0.0411
C27A12.8,CHROMOSOME_I:6058450-6061035,18.43,29.11,0.66,0.0408
Y76A2A.2,CHROMOSOME_III:13439626-13455206,19.34,30.55,0.66,0.0374
T05F1.2,CHROMOSOME_I:9622539-9624717,84.65,133.62,0.66,0.0491
T02E1.2,CHROMOSOME_I:8219998-8223003,17.26,27.24,0.66,0.0485
JC8.6,CHROMOSOME_IV:13241027-13243345,39.11,61.69,0.66,0.0466
Y49E10.11,CHROMOSOME_III:12395433-12421422,24.28,38.27,0.66,0.0417
F33H2.1,CHROMOSOME_I:15016888-15022969,13.30,20.96,0.66,0.0466
D2013.5,CHROMOSOME_II:9324814-9329605,25.19,39.69,0.66,0.0404
Y49E10.19,CHROMOSOME_III:12446254-12453103,47.20,74.35,0.66,0.0441
F38A5.13,CHROMOSOME_IV:6585857-6588177,67.35,106.04,0.65,0.0398
F45F2.11,CHROMOSOME_V:8518902-8520741,21.73,34.18,0.65,0.0466
D2005.5,CHROMOSOME_I:7820837-7826375,22.93,36.06,0.65,0.0452
ZK863.4,CHROMOSOME_V:12181478-12184177,61.19,96.14,0.65,0.0419
F52B5.3,CHROMOSOME_I:8318338-8323976,16.02,25.14,0.65,0.0389
T24F1.2,CHROMOSOME_II:11302824-11305616,47.61,74.68,0.65,0.0452
C05D11.9,CHROMOSOME_III:6427477-6430882,15.28,23.95,0.65,0.0494
C25G4.5,CHROMOSOME_IV:12445958-12451271,26.30,41.14,0.65,0.0477
Y47D3A.29,CHROMOSOME_III:11142348-11154124,21.88,34.15,0.64,0.0485
T23G5.1,CHROMOSOME_III:9225294-9228707,98.26,153.37,0.64,0.0499
C48B6.3,CHROMOSOME_I:6915045-6916591,46.35,72.25,0.64,0.0458
C27A12.7,CHROMOSOME_I:6055948-6058426,29.39,45.80,0.64,0.0496
F42G9.6,CHROMOSOME_III:778236-783299,21.76,33.84,0.64,0.0463
F29B9.2,CHROMOSOME_IV:4660982-4665200,27.24,42.31,0.64,0.0472
ZK20.3,CHROMOSOME_II:11651195-11652842,108.02,167.65,0.63,0.0433
C29H12.2,CHROMOSOME_II:6123779-6125404,105.78,164.04,0.63,0.0499
C13G3.3,CHROMOSOME_V:11027152-11030827,35.70,55.26,0.63,0.0496
T18H9.7,CHROMOSOME_V:9213730-9217219,24.16,37.30,0.63,0.0494
,,,,,
,,,,,
,,,,,
,,,,,